NEIGHBORHOOD,Total Acres,Population,Total Males,Total Females,Vacant Units,Total Occupied Units,Renter,Owner,Households,Family,NonFamily,Total Race,White,Black,Asian,Am Indian,Hawaiian,Other race,Two or more races,Latino,Age0-4,Age5-17,Age18-21,Age22-39,Age40-64,Age65+,1-Person Households,2-Person Households,3-Person Households,4-Person Households,5-Person Households,6-Person Households,7-Person Households,1-Person Male Households,1-Person Female Household,Households_Total,Families w/ Kids,Families w/o Kids,Other Families,Male Non-Family household,Female Non-Family household,Male w/o Female Household,Female w/o Male Household,Language_tot,English Lang,Spanish lang,Indo-European lang,Asian lang,Other lang,Place of Birth tot,Born_OR,US_West,US Midwest,US NE,US South,outside citizen,outside foreign,Residence_tot,Same home,Diff house same Count,Oth county in OR,Oth West state,Oth US Reg,Foreign Count,School Enrollment,Public pk-8,Private pk-8,Public hs,Private hs,School Attain_tot,school less 9,school some hs,school hs grad,school some college,school_assoc,school bachelor,school masters_prof,Workers_total,Prof_Manage,Service Worker,Office_Sales,Forest_Farm,Maint_Const,Trans_Product,Class Worker_Tot,Profit,Non-profit,Government,Self_employed,family_unpaid,Med House Inc,Median Gross Rent,Med Val_Own,Poverty,Below Poverty,% Below Poverty,Income pop_total,hh_inc15k or less,hh_inc15-24,hh_inc25-34,hh_inc35-49,hh_inc50-74,hh_inc75-99,hh_inc100-199,hh_in200 or more,hh_inc_perc_rent_tot,hh_inc_rent_20 percent or less,hh_inc_rent,hh_inc_rent_25-29,hh_inc_rent_30-34,hh_inc_rent_35 or more,hh_inc_rent_not computed,hh_inc_own_tot,hh_inc_own_20 perc or less,hh_inc_own_20-24,hh_inc_own_25-29,hh_inc_own_30-34,hh_inc_own_35 or more,hh_inc_own_not computed,Income Source_tot,inc_wage,inc_selfemp,inc_interest_rent,inc_social_security,inc_supplemental_ssi,inc_public assist,inc_retire,inc_other income source,commute total,commute_auto,Commute_publice,Commute_motorcycle,Commute_Bicycle,Commute_walk,commute_other,commute_work at home,Housing units_total,housing_detached,housing_attached_1,housing_attached 2,housing_attached 3or4,housing_attached_5-9,housing_attached_10-19,Housing_attached_20-49,Housing_attached_50 or more,Housing_mobile,Housing_Boat_RV,Housing_Total group quarters,Housing_grp_ins,housing_grp_non_ins
ALAMEDA,314,"4,052","1,942","2,110",40,"1,630",120,"1,510","1,630","1,135",495,"4,194","3,643",104,93,12,0,8,114,78,231,704,128,851,"1,775",363,341,612,324,269,68,14,2,109,232,"1,630",461,492,182,78,76,40,142,"3,780","3,529",85,120,40,6,"3,981","1,891",770,581,274,269,34,162,"3,780","2,425",721,166,181,198,88,859,447,146,225,41,"2,801",3,33,159,557,147,"1,222",679,"2,342","1,495",217,476,1,26,128,"2,342","1,410",313,385,229,5,"72,955","1,067","237,014",878,25,2.90%,"1,544",71,62,64,168,409,319,350,101,105,25,35,1,1,20,23,"1,432",652,236,186,109,238,11,"1,544","1,333",347,998,271,14,2,204,196,"2,277","1,763",223,9,69,64,0,150,"1,613","1,586",6,17,3,1,0,0,0,0,0,0,0,0
ALAMEDA-BEAUMONT-WILSHIRE,11,112,53,59,2,47,2,45,47,33,14,113,107,0,2,0,0,0,1,2,9,18,1,29,46,9,11,14,16,5,1,0,0,4,7,47,15,14,4,2,1,1,3,142,133,1,8,0,0,150,61,36,21,5,16,0,11,142,99,19,6,10,5,3,28,15,3,8,2,106,0,2,9,20,4,36,35,81,62,6,10,0,1,2,81,44,7,20,11,0,"92,076","1,075","249,700",865,62,7.17%,59,5,2,6,2,10,10,20,3,4,0,0,1,0,1,1,57,29,10,6,3,10,0,59,48,12,38,15,0,2,13,2,78,66,5,1,1,2,0,3,64,63,0,1,0,0,0,0,0,0,0,0,0,0
ALAMEDA-IRVINGTON,68,873,403,470,2,325,29,296,325,231,94,909,764,45,11,1,0,4,30,18,60,175,24,170,366,78,60,109,71,60,16,4,5,20,40,325,103,90,38,11,23,6,32,838,767,36,35,0,0,899,388,200,150,78,67,2,15,838,513,152,52,65,56,0,211,111,57,35,8,608,9,19,47,70,19,250,194,503,346,10,110,0,13,24,503,262,45,93,104,0,"84,347","1,603","276,800",751,15,2.00%,327,0,19,26,25,67,68,111,12,18,2,7,4,0,4,0,282,131,57,31,26,37,0,327,258,111,202,62,8,0,60,35,478,356,27,0,16,17,4,57,332,328,4,0,0,0,0,0,0,0,0,1,0,1
ARBOR LODGE,555,"6,065","3,046","3,019",109,"2,573",701,"1,872","2,573","1,451","1,122","6,388","4,531",418,360,54,27,12,249,414,362,877,333,"1,834","1,901",758,798,893,407,261,132,53,29,359,439,"2,573",435,617,399,177,147,107,292,"5,666","4,766",321,216,320,44,"6,033","3,125","1,106",599,143,330,65,666,"5,666","2,930","1,791",365,278,145,158,959,556,117,255,32,"4,284",243,400,"1,255","1,128",283,676,298,"3,155",918,480,938,10,237,572,"3,155","2,273",299,358,223,2,"40,857",666,"130,660",897,100,11.13%,"2,557",336,332,310,574,623,227,147,8,676,206,56,90,69,217,36,"1,804",778,332,192,102,400,0,"2,557","2,017",322,"1,027",644,92,59,403,332,"3,112","2,581",368,0,13,49,3,99,"2,651","2,362",25,26,81,74,23,10,45,5,0,15,0,15
ARDENWALD,119,294,146,148,9,129,27,102,129,76,53,301,277,0,3,3,0,0,7,4,12,30,10,104,96,42,34,59,13,14,8,0,1,10,24,129,20,51,5,11,8,1,4,292,285,3,1,2,0,310,154,85,19,20,19,5,8,292,198,37,3,30,18,6,68,27,20,18,4,210,0,8,32,35,21,70,44,158,101,8,28,0,9,12,158,104,23,15,17,0,"41,875",692,"168,500","1,335",227,16.97%,116,12,3,9,22,26,18,20,7,19,2,2,0,0,12,2,92,45,10,11,8,16,2,116,97,33,72,17,0,3,16,17,157,141,6,0,5,0,0,5,126,122,0,4,0,0,0,0,0,0,0,1,0,1
ARGAY,"1,201","5,788","2,802","2,986",92,"2,402","1,007","1,395","2,402","1,534",868,"6,060","3,866",482,506,31,63,18,192,630,351,936,266,"1,356","1,690","1,189",707,894,311,271,126,54,39,263,444,"2,402",413,765,356,98,63,90,266,"5,476","4,435",492,154,386,9,"5,791","2,716",934,578,79,350,89,"1,045","5,476","2,603","1,703",225,556,57,333,"1,104",629,139,268,69,"3,934",165,359,"1,035","1,237",196,632,311,"2,787",722,391,"1,005",0,184,485,"2,787","2,015",260,269,243,0,"46,394",937,"169,580","1,267",122,9.66%,"2,391",228,448,334,387,452,308,172,62,"1,014",277,111,114,105,384,23,"1,267",649,122,164,68,265,0,"2,391","1,798",276,"1,092",858,110,33,688,359,"2,734","2,244",241,0,7,147,15,80,"2,479","1,254",165,8,128,244,189,40,399,52,0,34,34,0
ARLINGTON HEIGHTS,103,691,329,362,14,278,15,263,278,192,86,700,637,2,24,1,0,1,7,19,34,129,15,113,319,81,61,115,39,39,19,3,2,23,38,278,78,100,14,17,8,4,10,689,625,5,37,22,0,695,212,114,147,104,33,4,82,689,364,98,59,45,84,38,117,53,31,20,14,530,0,6,15,78,14,232,185,390,269,27,80,0,8,5,390,233,52,53,53,0,"65,893",643,"410,700","1,321",83,6.28%,375,52,35,39,27,56,29,98,39,146,51,15,13,7,56,3,162,101,15,10,23,11,3,375,288,88,229,74,0,7,46,14,373,274,44,0,0,28,9,18,393,184,3,0,7,31,31,103,34,0,0,0,0,0
ARNOLD CREEK,682,"2,930","1,433","1,497",29,"1,037",61,976,"1,037",857,180,"3,010","2,678",13,112,3,9,2,66,47,183,715,61,463,"1,268",240,137,358,204,258,62,13,5,71,66,"1,037",454,326,77,20,23,22,55,"2,817","2,589",46,100,65,17,"2,956","1,285",644,389,219,152,42,226,"2,817","1,809",388,288,165,144,22,700,343,147,190,21,"2,053",9,58,204,394,81,769,538,"1,552",992,68,363,0,67,63,"1,552",973,168,230,181,0,"77,550","1,014","231,667","2,687",106,3.96%,"1,147",45,49,104,92,188,195,387,87,90,18,7,3,7,36,19,962,521,115,100,82,139,5,"1,147",921,279,778,235,11,16,204,105,"1,532","1,353",30,0,0,5,7,137,"1,197","1,010",101,2,18,14,9,24,7,13,0,6,0,6
ASHCREEK,799,"4,740","2,326","2,414",50,"1,888",285,"1,603","1,888","1,307",581,"4,899","4,185",58,119,29,11,15,121,202,262,870,171,"1,174","1,867",396,409,715,338,299,92,22,13,162,247,"1,888",521,597,189,88,84,55,134,"4,508","4,069",128,181,111,20,"4,747","2,243","1,103",491,289,230,84,307,"4,508","2,766",769,542,233,128,70,895,438,226,195,36,"3,379",19,98,433,782,210,"1,180",657,"2,696","1,531",174,624,0,170,199,"2,696","1,841",302,394,160,0,"62,211",764,"187,600","2,202",120,5.44%,"1,947",79,127,154,310,485,294,364,134,331,63,88,61,47,62,9,"1,544",913,198,86,137,210,0,"1,947","1,699",306,"1,210",303,65,23,335,233,"2,666","2,276",224,0,15,31,0,120,"1,995","1,823",36,16,8,10,37,39,25,0,0,0,0,0
BEAUMONT-WILSHIRE,462,"5,122","2,414","2,708",67,"2,168",278,"1,890","2,168","1,366",802,"5,298","4,413",218,178,28,11,8,144,122,280,813,164,"1,266","1,970",629,575,813,387,274,79,25,15,192,383,"2,168",478,623,265,114,113,58,207,"4,879","4,536",77,144,115,8,"5,163","2,611","1,061",599,238,278,81,294,"4,879","3,001","1,108",281,273,147,69,896,473,152,224,47,"3,750",42,117,605,938,225,"1,155",668,"2,933","1,509",326,770,0,78,250,"2,933","1,805",372,503,254,0,"67,519",943,"203,814","1,014",39,3.82%,"2,190",119,171,231,309,546,332,445,36,280,96,38,55,19,48,25,"1,832",903,322,193,155,242,17,"2,190","1,771",346,"1,337",447,9,21,387,267,"2,900","2,346",271,8,66,62,25,122,"2,248","2,164",5,37,10,28,0,0,0,5,0,0,0,0
BOISE,276,"3,119","1,556","1,563",123,"1,168",643,525,"1,168",584,584,"3,321","1,019","1,374",65,11,35,7,155,453,258,618,189,"1,099",708,247,383,312,178,134,60,46,55,191,192,"1,168",144,119,321,118,83,66,255,"2,932","2,316",435,26,77,79,"3,219","1,341",528,282,117,460,24,466,"2,932","1,090","1,115",130,236,217,144,733,466,36,217,14,"1,939",212,274,445,479,77,357,95,"1,367",398,312,314,10,99,235,"1,367",955,157,104,151,0,"25,484",556,"110,620",796,224,28.20%,"1,197",345,200,180,190,200,46,35,0,674,158,58,61,58,285,55,464,154,73,61,52,124,0,"1,197",918,165,292,246,78,98,116,176,"1,332",887,253,9,74,56,0,53,"1,321",771,34,113,163,65,47,43,81,4,0,33,17,16
BRENTWOOD/DARLINGTON,"1,119","11,456","5,830","5,626",310,"4,298","1,394","2,904","4,298","2,723","1,575","12,119","8,682",145,818,169,27,35,554,"1,026",876,"2,082",563,"3,492","3,358","1,085","1,123","1,366",720,574,275,124,116,567,556,"4,298",903,971,849,289,163,272,577,"10,503","8,247",750,813,689,5,"11,455","5,832","2,031",896,213,520,102,"1,860","10,503","4,861","3,471",920,680,229,342,"2,083","1,367",184,511,22,"7,495",621,"1,180","2,759","1,853",446,533,104,"5,441",910,"1,026","1,286",42,772,"1,404","5,441","4,220",431,355,435,0,"36,293",714,"121,467","1,319",153,11.58%,"4,295",553,813,735,905,872,282,124,10,"1,389",427,207,99,129,461,66,"2,643","1,042",383,257,301,642,17,"4,295","3,518",601,"1,085",919,199,279,628,656,"5,320","4,368",612,6,54,63,23,194,"4,608","3,915",89,113,118,82,62,32,12,160,25,79,0,79
BRIDGETON,177,593,316,277,255,306,109,197,306,147,159,599,523,28,11,6,2,0,6,17,18,48,20,151,308,48,101,155,30,11,6,3,0,65,36,306,23,99,25,37,21,10,15,567,517,7,24,20,0,611,296,139,80,22,30,4,40,567,161,230,68,68,18,22,84,44,12,16,11,430,6,34,146,117,23,71,33,354,101,47,104,0,20,82,354,281,10,34,26,2,"49,256",826,"134,500","1,992",183,9.19%,256,27,22,34,49,70,29,21,4,69,25,9,4,2,24,4,100,47,17,19,4,14,0,256,210,41,96,47,3,9,37,27,354,300,22,0,2,5,1,23,359,132,40,7,5,0,5,5,69,71,24,0,0,0
BRIDLEMILE,898,"5,698","2,744","2,954",85,"2,432",790,"1,642","2,432","1,563",869,"5,859","5,039",75,154,22,8,23,114,263,310,"1,081",174,"1,108","2,282",743,696,875,359,366,110,22,4,266,430,"2,432",612,687,264,98,75,66,198,"5,377","4,545",206,536,41,49,"5,691","2,393","1,099",677,401,408,88,626,"5,377","3,154",934,447,383,221,236,"1,253",644,234,290,86,"3,958",24,113,338,716,220,"1,423","1,125","2,842","1,691",210,790,0,75,76,"2,842","1,892",281,306,342,22,"80,546",915,"335,425","1,670",93,5.54%,"2,422",283,174,251,281,416,255,474,288,787,197,126,147,72,201,45,"1,555",896,210,104,96,248,0,"2,422","1,855",499,"1,281",511,106,41,398,391,"2,807","2,390",219,0,0,25,7,165,"2,510","1,812",22,27,80,65,180,160,154,10,0,0,0,0
BROOKLYN ACTION CORPS,579,"3,542","1,840","1,702",87,"1,672","1,061",611,"1,672",704,968,"3,677","2,911",115,145,34,6,14,112,205,214,385,204,"1,577",963,199,604,598,268,126,49,15,12,340,264,"1,672",187,262,255,201,163,67,188,"3,310","2,879",156,142,122,11,"3,552","1,507",748,449,183,165,40,461,"3,310","1,285",928,303,337,280,179,394,303,36,52,2,"2,608",108,218,441,655,203,698,286,"2,269",896,327,562,4,180,299,"2,269","1,588",240,282,159,0,"35,456",622,"158,583",941,130,13.77%,"1,639",280,239,250,311,363,107,88,1,"1,017",337,181,99,60,313,27,571,210,140,31,44,132,14,"1,639","1,414",257,564,206,26,66,108,247,"2,227","1,616",381,0,96,44,1,89,"1,761",851,66,228,226,193,124,47,27,0,0,0,0,0
BUCKMAN,739,"7,923","4,137","3,786",266,"4,312","3,602",710,"4,312","1,033","3,279","8,253","6,523",325,213,112,10,35,259,446,227,574,357,"4,121","2,252",392,"2,229","1,426",383,169,77,13,15,"1,130","1,099","4,312",208,396,429,515,535,116,313,"7,729","6,775",426,331,136,61,"7,883","2,474","1,956","1,172",796,711,99,675,"7,729","2,074","2,737",678,"1,038",997,205,621,404,65,136,16,"5,907",196,411,925,"1,574",365,"1,757",679,"5,276","1,899",993,"1,593",15,278,497,"5,276","3,553",721,565,427,9,"26,097",555,"263,711","1,106",243,21.98%,"4,305","1,022",877,840,698,575,162,113,17,"3,638",948,708,370,353,"1,165",94,491,214,78,48,37,115,0,"4,305","3,645",654,"1,273",408,185,148,227,501,"5,201","2,833","1,311",18,327,428,31,254,"4,560",777,81,554,617,740,862,567,363,0,0,492,77,415
CATHEDRAL PARK,656,"3,033","1,491","1,542",85,"1,361",660,701,"1,361",713,648,"3,182","2,279",174,112,50,15,7,119,277,199,423,164,887,979,381,494,472,179,113,56,28,19,232,262,"1,361",176,292,245,75,79,72,173,"2,802","2,343",239,130,80,10,"3,005","1,261",655,411,96,210,36,336,"2,802","1,254",948,167,252,99,82,424,324,10,75,14,"2,109",143,338,589,531,108,274,125,"1,531",404,210,428,2,120,368,"1,531","1,175",104,142,106,4,"36,484",644,"119,275","1,214",194,15.98%,"1,355",264,280,211,240,210,112,34,3,682,169,111,105,55,199,43,592,288,79,73,39,106,6,"1,355",995,149,338,383,109,84,185,186,"1,482","1,241",129,5,29,27,0,50,"1,420",818,44,57,71,86,136,107,95,6,0,10,0,10
CENTENNIAL,"1,718","20,587","10,137","10,450",365,"7,373","2,378","4,995","7,373","5,166","2,207","21,435","15,972",442,"1,380",175,57,43,656,"1,862","1,600","4,213","1,093","5,327","5,936","2,418","1,694","2,288","1,254","1,116",567,233,221,744,950,"7,373","1,808","1,995","1,363",295,218,407,956,"18,835","14,969","1,513",939,"1,192",221,"20,535","10,658","3,870","1,721",379,723,144,"3,040","18,835","8,710","7,111",974,"1,046",374,619,"4,522","2,898",311,"1,251",60,"12,747",945,"1,688","4,182","3,604",904,"1,051",373,"9,517","1,814","1,759","2,622",77,"1,105","2,141","9,517","7,445",566,935,548,23,"41,014",699,"134,150","1,925",239,12.41%,"7,361","1,029",959,"1,227","1,552","1,628",654,267,44,"2,648",652,412,318,253,887,126,"4,049","1,602",664,488,405,872,17,"7,361","5,844",806,"2,234","1,861",363,410,"1,280","1,150","9,293","7,905",774,6,42,149,104,312,"7,842","4,943",263,242,537,388,316,441,205,455,52,61,17,44
CENTENNIAL/PLEASANT VALLEY,,"1,281",615,666,31,495,405,90,495,330,165,"1,346",988,23,107,9,2,4,46,102,131,222,103,448,303,74,108,160,111,77,27,9,3,35,73,495,123,90,117,27,30,38,79,"1,202",983,47,107,62,3,"1,291",629,275,121,16,44,9,197,"1,202",421,571,76,75,12,47,235,147,16,71,1,831,34,115,246,257,68,84,27,697,205,113,208,4,47,121,697,528,44,90,35,0,"49,230",783,"165,300","2,654",243,9.16%,508,44,82,92,107,101,46,35,1,205,55,20,32,24,69,5,223,66,25,42,28,62,0,508,417,47,145,104,29,21,80,87,685,596,38,0,1,19,4,27,527,249,17,9,82,42,23,11,43,51,0,10,10,0
CENTER,374,"4,701","2,284","2,417",131,"2,227","1,299",928,"2,227",979,"1,248","4,902","3,809",177,237,39,12,14,161,252,258,666,173,"1,706","1,334",564,929,752,285,163,64,20,14,360,569,"2,227",262,405,312,160,159,90,222,"4,460","3,901",203,139,187,30,"4,691","2,136","1,103",429,241,261,67,454,"4,460","1,681","1,684",397,360,232,106,657,311,103,204,40,"3,370",112,227,752,896,222,808,353,"2,621","1,016",362,808,0,112,322,"2,621","1,826",352,263,177,4,"38,531",618,"162,463","1,057",86,8.11%,"2,193",384,366,273,423,454,177,92,25,"1,220",359,160,157,130,355,59,851,362,115,95,72,207,1,"2,193","1,713",288,910,455,54,116,277,222,"2,587","1,932",413,1,44,79,1,117,"2,294","1,237",28,284,154,174,133,226,51,6,0,198,189,9
COLLINS VIEW,556,"2,055","1,035","1,020",29,728,161,567,728,435,293,"2,119","1,832",25,74,10,10,2,52,50,66,268,392,485,688,156,173,283,138,88,38,6,2,84,89,728,158,202,75,75,45,23,52,"1,986","1,727",54,112,92,0,"2,055",828,538,234,178,114,23,139,"1,986","1,036",279,219,251,136,65,347,208,47,72,21,"1,210",10,54,96,202,38,425,385,"1,127",549,163,291,0,45,78,"1,127",723,130,165,104,5,"88,581","1,075","389,367","1,289",90,7.01%,687,57,49,52,63,123,91,135,116,118,33,16,13,11,40,6,537,270,94,43,27,98,4,687,560,167,461,122,7,9,106,76,"1,093",804,49,5,6,157,5,66,720,680,7,22,3,4,2,1,1,0,0,349,0,349
CONCORDIA,849,"9,564","4,538","5,026",143,"3,769","1,093","2,676","3,769","2,231","1,538","10,189","5,469","2,662",314,80,52,16,471,500,574,"1,544",654,"3,098","2,791",903,"1,025","1,353",629,446,193,73,50,411,614,"3,769",588,866,777,249,264,169,608,"9,075","7,942",388,150,391,204,"9,673","4,468","1,762","1,019",307,"1,163",130,824,"9,075","4,497","2,753",450,687,446,242,"1,749","1,113",186,431,19,"6,439",188,549,"1,402","1,756",417,"1,463",664,"5,091","1,914",964,"1,359",18,262,574,"5,091","3,420",648,634,389,1,"43,811",785,"140,418","1,184",131,11.04%,"3,788",354,436,575,790,937,454,200,42,"1,105",317,151,63,73,441,60,"2,538","1,013",432,356,231,506,0,"3,788","3,186",608,"1,409",812,108,159,523,492,"4,948","3,672",754,13,78,212,19,200,"3,905","3,301",64,206,161,86,64,10,6,0,7,355,45,310
CORBETT-TERWILLIGER-LAIR HILL,"1,069","5,079","2,581","2,498",248,"2,904","1,639","1,265","2,904",980,"1,924","5,253","4,414",111,200,23,12,6,129,184,140,291,260,"2,271","1,656",461,"1,352","1,158",257,87,31,11,8,667,685,"2,904",164,600,216,315,257,79,137,"4,916","4,500",91,176,115,33,"5,050","1,583","1,234",861,378,422,106,466,"4,916","1,655","1,087",705,743,606,120,266,139,31,92,4,"3,949",79,80,431,807,226,"1,389",936,"3,472","1,943",395,862,0,128,144,"3,472","2,427",320,464,241,21,"52,457",785,"236,356","1,082",96,8.85%,"2,894",290,283,337,522,520,342,490,111,"1,646",641,169,241,144,401,50,891,431,151,79,56,173,0,"2,894","2,473",441,"1,461",414,53,17,299,223,"3,406","2,480",449,0,82,216,13,165,"3,201","1,115",415,103,243,337,265,382,332,0,8,5,1,4
CRESTON-KENILWORTH,514,"8,234","4,214","4,020",176,"3,514","2,184","1,330","3,514","1,693","1,821","8,681","6,123",247,785,95,50,16,323,595,528,"1,056",507,"3,114","2,293",736,"1,215","1,167",526,338,163,63,42,587,628,"3,514",467,615,611,356,250,187,424,"7,747","5,942",520,623,612,51,"8,247","3,350","1,847",812,347,463,40,"1,388","7,747","2,753","2,655",782,692,363,502,"1,209",795,102,289,24,"5,687",387,658,"1,474","1,572",354,884,358,"4,338","1,335",744,"1,190",7,286,776,"4,338","3,142",450,498,241,7,"33,785",616,"140,033","1,364",229,16.80%,"3,521",596,597,650,661,646,254,117,0,"2,169",598,332,330,161,680,69,"1,193",457,194,162,98,275,7,"3,521","2,927",403,"1,127",655,169,263,380,485,"4,292","2,961",922,7,56,145,18,183,"3,685","1,677",122,300,319,347,473,330,107,11,0,241,30,211
CRESTWOOD,195,980,473,507,13,427,77,350,427,262,165,"1,020",869,4,28,2,0,1,33,43,42,140,39,304,373,82,112,183,64,40,20,6,2,48,64,427,78,133,51,35,18,10,41,935,840,30,37,26,3,983,476,230,96,58,44,17,62,935,582,154,117,49,22,12,192,95,45,43,9,689,3,19,91,164,43,242,127,562,314,36,135,0,34,43,562,386,63,82,31,0,"61,646",759,"180,300","2,354",136,5.76%,397,14,26,31,62,99,62,77,26,64,11,16,14,10,12,2,320,190,40,18,29,42,0,397,351,63,245,60,13,4,70,49,556,473,47,0,3,7,0,26,409,379,7,1,1,1,6,8,6,0,0,0,0,0
CULLY,"1,755","12,959","6,665","6,294",409,"4,685","1,839","2,846","4,685","2,905","1,780","13,697","7,175","1,354","1,081",136,67,23,514,"2,609","1,019","2,433",747,"3,923","3,639","1,198","1,263","1,437",723,607,321,143,191,634,629,"4,685",946,977,982,312,205,319,663,"12,039","8,571","2,060",297,988,123,"12,989","5,868","2,331",975,300,648,82,"2,785","12,039","5,629","3,816",548,"1,072",253,722,"2,710","1,733",190,751,36,"8,225",876,"1,190","2,261","2,101",492,958,347,"6,171","1,408","1,338","1,423",29,615,"1,357","6,171","4,732",432,586,393,28,"37,725",622,"128,410","1,511",252,16.70%,"4,705",843,708,690,913,977,353,201,19,"1,812",460,251,166,164,686,86,"2,530","1,150",402,266,177,522,13,"4,705","3,823",549,"1,326","1,065",240,225,674,756,"6,024","4,790",783,21,94,146,49,142,"5,079","3,373",84,154,213,267,165,304,115,378,25,276,209,67
CULLY-SUMNER,202,"1,844",916,928,42,727,157,570,727,465,262,"1,925","1,423",61,165,15,12,3,64,101,152,319,75,540,570,188,207,238,115,86,43,23,15,100,107,727,145,187,133,28,27,54,79,"1,624","1,312",152,105,55,0,"1,829",902,377,183,43,47,7,269,"1,624",970,417,53,108,31,44,378,281,4,88,6,"1,180",61,178,451,337,66,76,11,828,139,171,277,0,83,158,828,684,27,54,52,11,"36,065",675,"112,950","1,004",174,17.31%,684,99,100,128,105,177,46,22,7,123,27,7,10,23,32,24,512,230,50,54,47,131,0,684,561,67,234,163,19,22,90,142,792,683,37,12,3,8,0,48,774,634,12,0,7,0,18,0,0,84,19,1,1,0
DOWNTOWN,637,"9,965","5,753","4,212",801,"6,384","5,859",525,"6,384",851,"5,533","10,430","7,403",609,959,120,22,26,376,450,85,175,"1,246","3,887","3,019","1,553","4,913","1,286",135,41,7,1,1,"2,783","2,130","6,384",71,607,173,352,268,50,123,"9,935","7,832",497,666,840,99,"10,016","3,014","2,512","1,239",696,671,172,"1,713","9,935","2,347","2,561","1,542","1,521",903,"1,061",229,60,12,98,59,"7,452",277,601,"1,461","1,837",416,"1,856","1,004","5,002","2,152",792,"1,631",9,150,269,"5,002","3,592",597,626,182,5,"17,105",486,"143,233","1,292",411,31.81%,"6,330","2,751","1,115",617,638,509,298,314,88,"5,805","1,270",564,909,469,"2,226",366,71,28,8,2,3,30,0,"6,330","4,251",387,"1,919","1,414",520,338,598,688,"4,914","1,564","1,040",0,104,"1,988",39,178,"7,104",132,56,34,63,108,326,"1,361","5,024",0,0,"1,731",767,965
EAST COLUMBIA,442,753,404,349,14,282,55,227,282,192,90,794,500,79,111,2,5,5,35,16,51,115,32,218,260,77,55,106,53,35,19,7,7,33,22,282,65,90,37,20,15,13,24,721,656,8,30,26,0,776,376,176,101,29,38,5,51,721,205,292,86,86,23,28,106,56,16,20,14,547,8,44,185,149,29,90,42,449,129,60,132,0,25,104,449,357,13,43,34,3,"49,256",826,"134,500","1,992",183,9.19%,325,34,28,43,62,88,37,27,5,88,32,12,5,3,31,5,127,59,21,24,5,18,0,325,266,52,122,59,4,11,47,34,449,381,28,0,3,7,1,29,456,168,51,9,7,0,6,7,88,90,30,0,0,0
EASTMORELAND,729,"5,017","2,440","2,577",67,"1,630",171,"1,459","1,630","1,217",413,"5,112","4,582",12,166,20,9,20,85,123,262,892,779,853,"1,658",573,285,632,281,287,113,23,9,90,195,"1,630",528,544,145,64,64,34,111,"4,705","4,383",172,97,44,8,"5,013","2,280","1,092",697,401,250,59,234,"4,705","2,833",747,167,467,429,62,"1,017",390,372,199,56,"3,082",41,79,418,598,160,839,947,"2,473","1,546",123,567,0,87,151,"2,473","1,332",554,325,262,0,"65,477",742,"242,614","1,201",80,6.65%,"1,729",153,90,82,202,328,223,536,116,154,35,22,14,10,60,12,"1,522",760,222,122,116,283,19,"1,729","1,310",435,"1,237",426,15,11,343,167,"2,434","1,893",108,5,52,232,0,144,"1,813","1,734",10,23,12,9,9,6,0,9,0,535,0,535
EASTMORELAND-REED,15,26,13,13,0,13,3,10,13,9,4,27,24,0,1,0,0,0,1,0,2,3,0,7,7,7,3,7,3,0,0,0,0,1,2,13,2,5,2,1,0,0,2,24,21,1,1,1,0,25,8,8,3,2,2,0,2,24,10,3,2,5,4,1,1,1,0,0,0,11,0,0,3,3,0,3,3,11,6,1,3,0,0,1,11,5,3,2,0,0,"51,141",787,"204,500",720,115,15.97%,7,2,0,0,1,2,1,1,0,2,0,1,0,0,1,0,5,3,0,0,0,1,0,7,5,1,5,3,0,0,2,1,11,6,1,0,0,3,0,0,7,5,0,0,0,0,0,0,0,0,0,10,0,10
ELIOT,536,"3,299","1,649","1,650",114,"1,500","1,006",494,"1,500",563,937,"3,584","1,605","1,124",41,41,14,17,192,265,194,452,163,"1,460",809,221,640,441,207,121,49,13,29,310,330,"1,500",111,144,308,163,134,76,232,"3,084","2,573",200,155,58,97,"3,271","1,168",600,404,176,386,52,484,"3,084",940,"1,272",128,391,200,154,508,299,51,152,7,"2,271",148,224,519,610,57,482,232,"1,591",504,379,358,3,78,271,"1,591","1,116",180,189,107,0,"23,437",548,"145,317",711,198,27.88%,"1,545",507,249,243,212,201,99,33,0,"1,051",209,178,111,58,383,112,462,175,49,46,37,152,3,"1,545","1,080",151,472,394,125,130,159,221,"1,580",964,310,0,92,145,18,51,"1,689",603,46,161,104,78,139,183,372,4,0,107,17,90
FAR SOUTHWEST,383,"1,246",622,624,23,500,99,401,500,309,191,"1,271","1,096",12,52,11,1,4,21,49,75,213,57,361,446,94,130,180,74,76,27,7,6,58,72,500,128,135,46,39,22,10,36,"1,168",961,66,88,42,11,"1,248",577,223,138,88,65,19,138,"1,168",471,278,208,61,72,79,176,92,31,54,0,878,14,22,114,222,64,299,143,773,328,114,246,4,25,57,773,599,55,69,45,5,"49,351",711,"183,500","1,390",53,3.81%,537,26,54,51,80,132,64,105,25,193,65,19,22,34,48,5,308,143,61,50,10,38,6,537,496,89,263,71,5,10,62,82,767,653,59,0,4,20,0,31,564,293,70,16,96,46,24,12,7,0,0,0,0,0
FOREST PARK,"6,996","2,360","1,184","1,176",40,859,80,779,859,677,182,"2,422","2,157",15,95,4,0,0,46,43,116,528,49,407,"1,042",218,124,337,139,175,62,19,3,60,64,859,301,310,66,32,26,24,42,"2,213","1,974",53,86,100,0,"2,356","1,006",487,284,202,146,19,212,"2,213","1,215",462,295,102,95,44,536,284,147,83,23,"1,656",3,35,268,319,25,586,419,"1,204",771,50,281,10,43,49,"1,204",824,107,146,121,7,"76,079",847,"319,967","1,381",67,4.83%,894,42,25,42,82,136,132,331,104,53,12,7,3,16,12,4,744,348,102,74,57,163,0,894,754,182,627,153,21,8,84,115,"1,186","1,091",17,0,3,1,2,71,939,867,65,0,1,1,0,0,2,1,3,2,2,0
FOREST PARK-LINNTON,"4,728",465,220,245,9,178,21,157,178,130,48,476,428,2,14,2,0,3,9,7,35,86,18,92,198,36,30,70,37,26,11,3,1,14,16,178,53,54,23,10,8,6,17,432,401,13,12,5,0,474,154,130,48,39,62,15,27,432,259,61,36,53,19,5,118,52,12,54,0,313,9,4,47,82,26,98,47,210,117,42,36,0,3,12,210,136,27,16,31,0,"86,596",915,"336,650","2,197",105,4.78%,187,31,5,25,29,30,29,36,3,38,12,2,8,5,10,0,137,61,14,8,15,39,0,187,161,36,89,24,0,13,28,32,207,174,10,0,6,2,0,15,200,192,2,0,6,0,0,0,0,0,0,23,23,0
FOREST PARK-NORTHWEST DISTRICT,48,0,0,0,0,0,0,0,0,0,0,0,0,0,0,0,0,0,0,0,0,0,0,0,0,0,0,0,0,0,0,0,0,0,0,0,0,0,0,0,0,0,0,0,0,0,0,0,0,0,0,0,0,0,0,0,0,0,0,0,0,0,0,0,0,0,0,0,0,0,0,0,0,0,0,0,0,0,0,0,0,0,0,0,0,0,0,0,0,0,"51,705",756,"240,300",976,101,10.35%,0,0,0,0,0,0,0,0,0,0,0,0,0,0,0,0,0,0,0,0,0,0,0,0,0,0,0,0,0,0,0,0,0,0,0,0,0,0,0,0,0,0,0,0,0,0,0,0,0,0,0,0,0,0
FOSTER-POWELL,569,"7,368","3,608","3,760",150,"2,776","1,098","1,678","2,776","1,624","1,152","7,751","5,372",128,"1,047",59,19,17,275,451,481,"1,214",350,"2,361","2,006",956,813,848,431,342,186,79,77,358,455,"2,776",516,596,512,186,153,145,367,"6,886","5,183",240,581,871,11,"7,396","3,461","1,347",605,198,265,55,"1,465","6,886","3,329","2,009",565,523,148,312,"1,348",777,145,383,43,"4,966",298,681,"1,516","1,345",339,536,251,"3,589",772,646,"1,057",0,436,678,"3,589","2,678",299,404,203,5,"37,937",704,"125,829","1,049",127,12.08%,"2,792",463,400,347,639,639,147,127,30,"1,122",307,135,138,71,432,39,"1,563",626,180,212,161,372,12,"2,792","2,206",289,903,613,125,104,337,461,"3,517","2,937",397,8,23,48,5,99,"2,938","2,283",60,115,114,91,103,31,119,22,0,181,0,181
GLENFAIR,221,"2,575","1,310","1,265",69,"1,012",730,282,"1,012",598,414,"2,707","1,648",113,121,37,2,11,86,557,272,421,224,885,562,211,302,317,168,111,53,35,26,131,171,"1,012",197,177,224,74,38,75,149,"2,131","1,377",518,121,99,16,"2,394","1,033",354,177,36,122,4,666,"2,131",635,851,116,237,62,230,341,168,46,96,31,"1,405",186,152,371,282,165,181,69,"1,226",231,248,325,21,168,233,"1,226","1,005",47,122,47,5,"30,032",578,"161,600","1,434",222,15.45%,940,207,175,179,154,124,57,39,5,742,158,114,118,34,279,39,212,107,57,19,6,16,6,940,787,59,223,139,51,66,75,102,"1,229",899,206,4,6,17,57,40,"1,067",274,21,40,60,72,137,279,171,12,0,0,0,0
GOOSE HOLLOW,288,"5,433","2,954","2,479",357,"3,792","3,252",540,"3,792",633,"3,159","5,628","4,496",142,325,46,12,7,136,269,93,154,524,"2,680","1,351",631,"2,543","1,020",152,56,14,4,3,"1,422","1,121","3,792",95,394,144,351,265,54,90,"5,316","4,580",203,280,195,57,"5,420","1,475","1,403",813,508,494,148,579,"5,316","1,263","1,460",715,881,756,240,253,85,69,82,17,"4,127",105,200,550,"1,006",193,"1,307",765,"3,275","1,564",567,849,0,109,186,"3,275","2,426",277,386,184,2,"51,114",672,"357,650","1,503",292,19.43%,"3,728","1,256",599,450,515,384,220,226,78,"3,155",762,342,421,272,"1,175",182,306,147,59,20,34,44,2,"3,728","2,680",458,"1,393",710,183,156,384,361,"3,230","1,481",609,0,102,836,48,153,"4,057",323,66,67,115,131,170,946,"2,238",0,0,186,34,152
GRANT PARK,292,"3,469","1,675","1,794",41,"1,364",159,"1,205","1,364",933,431,"3,537","3,217",59,53,5,2,5,52,76,215,627,101,831,"1,379",316,297,468,283,229,66,16,5,110,187,"1,364",377,383,173,73,61,43,130,"3,200","3,039",53,64,29,14,"3,411","1,779",648,443,212,166,21,142,"3,200","1,900",628,243,184,185,60,692,372,155,140,25,"2,431",20,48,246,574,127,869,548,"2,005","1,131",159,470,0,132,113,"2,005","1,204",229,398,174,0,"66,310","1,043","259,180",814,43,5.31%,"1,367",71,76,122,174,363,226,300,36,214,62,27,17,20,75,12,"1,091",455,200,134,63,232,7,"1,367","1,131",250,784,248,0,14,156,107,"1,983","1,677",148,7,16,38,0,97,"1,389","1,317",0,32,21,0,19,0,0,0,0,0,0,0
GRANT PARK-HOLLYWOOD,27,300,142,158,2,129,26,103,129,77,52,312,264,4,17,0,0,0,10,5,7,35,12,103,110,33,33,54,18,16,7,1,0,11,22,129,14,45,18,9,10,3,15,278,265,4,5,4,0,290,122,63,49,19,17,2,18,278,137,63,32,21,18,7,48,25,6,15,2,225,4,6,32,61,16,68,36,184,93,19,48,0,4,19,184,115,24,33,11,0,"58,996",649,"201,700",879,37,4.15%,138,14,16,12,21,38,23,11,3,58,22,15,2,4,14,1,73,31,12,17,6,7,0,138,112,22,61,35,7,4,13,18,181,131,33,0,10,1,1,6,142,90,3,11,2,2,22,13,0,0,0,0,0,0
HAYDEN ISLAND,"1,083","2,130","1,112","1,018",225,"1,224",212,"1,012","1,224",527,697,"2,186","1,958",37,21,24,2,0,42,46,57,141,58,431,"1,120",323,569,494,93,55,8,2,3,318,251,"1,224",62,353,112,83,45,32,80,"2,010","1,854",74,41,38,3,"2,071",848,541,285,106,142,26,123,"2,010",862,626,169,249,63,41,141,47,33,37,24,"1,842",36,206,392,540,128,379,161,"1,257",491,149,377,0,93,147,"1,257",896,60,121,180,0,"40,858",958,"96,950","1,035",88,8.51%,"1,230",201,148,211,169,208,133,141,19,197,64,8,26,15,76,8,330,189,48,39,9,36,9,"1,230",821,209,538,378,4,46,241,142,"1,243","1,083",42,0,0,55,0,63,"1,466",296,240,19,17,108,64,27,32,471,192,0,0,0
HAYHURST,730,"5,185","2,437","2,748",79,"2,231",779,"1,452","2,231","1,294",937,"5,314","4,612",63,178,27,7,14,112,172,306,726,166,"1,412","1,704",871,702,819,344,253,79,23,11,244,458,"2,231",459,616,219,134,101,56,163,"4,846","4,258",141,240,132,76,"5,153","2,140","1,194",568,337,303,69,542,"4,846","2,266","1,231",600,343,252,154,809,339,217,207,46,"3,838",111,132,600,843,280,"1,207",664,"2,649","1,417",291,650,0,123,168,"2,649","1,737",259,350,297,5,"56,420",796,"190,267","1,919",82,4.27%,"2,222",179,175,301,382,464,338,314,68,802,255,116,99,41,272,19,"1,355",678,206,134,117,220,0,"2,222","1,736",396,"1,189",521,23,48,424,255,"2,596","2,139",213,0,24,32,5,183,"2,304","1,578",34,42,134,154,120,86,146,9,0,239,239,0
HAZELWOOD,"2,587","19,916","9,684","10,232",413,"7,641","3,429","4,212","7,641","4,765","2,876","20,849","14,868",660,"1,619",209,63,21,758,"1,718","1,450","3,250","1,103","5,340","5,435","3,338","2,186","2,520","1,218",900,441,204,172,930,"1,256","7,641","1,451","1,942","1,372",418,272,364,"1,008","18,553","14,064","1,247","1,724","1,325",192,"19,980","9,621","3,600","1,712",352,889,155,"3,651","18,553","8,632","5,919","1,276","1,192",299,"1,236","3,732","2,297",318,992,124,"13,192","1,122","1,707","4,075","3,356",744,"1,587",601,"9,025","2,156","1,635","2,562",25,834,"1,813","9,025","6,939",609,864,605,9,"38,625",643,"142,963","1,464",230,15.72%,"7,587","1,256","1,074","1,204","1,366","1,724",646,289,28,"3,262",807,430,393,239,"1,191",202,"4,058","1,890",579,429,293,824,42,"7,587","5,607",840,"2,547","2,331",267,339,"1,362","1,257","8,902","7,176",855,13,35,292,143,389,"8,013","4,897",199,214,353,509,526,649,573,94,0,569,264,305
HAZELWOOD-MILL PARK,,105,47,58,1,50,49,1,50,33,17,108,77,6,16,0,0,0,3,3,18,9,6,38,21,13,17,18,10,3,2,0,0,4,13,50,10,11,12,0,0,0,12,94,80,5,3,7,0,99,48,19,7,2,6,3,16,94,41,28,11,9,3,3,15,9,2,5,0,69,4,5,20,20,5,11,4,53,14,9,19,0,5,6,53,37,5,7,4,0,"40,585",681,"135,500","1,753",238,13.58%,44,5,7,6,10,11,3,2,0,24,7,3,4,1,8,0,19,11,4,2,1,2,0,44,32,5,18,14,1,3,6,9,54,46,5,0,0,1,0,1,51,21,2,0,1,7,7,7,4,1,0,3,2,1
HEALY HEIGHTS,38,221,106,115,9,91,6,85,91,64,27,226,210,0,3,2,0,0,5,1,8,43,1,29,92,48,21,37,13,15,3,2,0,5,16,91,26,36,2,3,3,0,2,202,193,1,3,4,0,215,76,43,49,17,21,0,8,202,133,38,9,14,4,4,45,21,17,1,6,159,1,0,3,20,2,57,76,114,87,3,20,2,0,2,114,70,2,20,20,2,"136,102","1,425","431,900","1,111",15,1.35%,88,3,2,0,3,13,9,28,29,8,2,3,0,2,0,2,79,52,9,8,1,9,0,88,72,26,68,26,3,1,16,3,111,89,4,0,3,0,0,15,98,96,0,0,2,0,0,0,0,0,0,0,0,0
HILLSDALE,"1,285","7,436","3,607","3,829",118,"3,397","1,181","2,216","3,397","1,924","1,473","7,662","6,578",75,302,33,6,16,185,241,386,992,231,"2,061","2,686","1,080","1,053","1,405",488,322,94,21,14,450,603,"3,397",580,983,361,214,206,91,270,"6,975","6,273",211,286,153,53,"7,381","3,040","1,589","1,019",571,434,161,566,"6,975","3,647","1,418",717,675,381,138,"1,260",621,274,296,68,"5,382",93,141,487,970,265,"1,993","1,433","4,049","2,451",333,980,0,79,207,"4,049","2,478",568,604,389,10,"60,383",717,"235,017","1,272",128,10.04%,"3,412",301,282,410,528,639,361,696,194,"1,133",372,201,132,79,291,60,"2,144","1,138",298,231,114,362,0,"3,412","2,665",586,"1,928",709,52,80,507,481,"3,975","3,234",352,0,56,99,23,211,"3,534","2,454",21,117,197,188,280,182,93,3,0,63,45,19
HILLSIDE,384,"1,285",657,628,28,573,26,547,573,382,191,"1,307","1,227",3,25,2,0,0,20,8,64,176,32,159,670,184,140,273,75,56,24,5,0,68,72,573,113,229,40,27,24,12,28,"1,196","1,103",20,54,19,0,"1,260",459,260,191,135,85,27,102,"1,196",662,237,84,73,80,61,152,64,50,30,8,"1,022",0,12,84,140,35,362,390,682,471,34,133,0,23,22,682,471,49,40,121,0,"90,664",946,"455,400","1,194",27,2.22%,614,24,17,41,62,98,79,189,103,105,53,8,3,9,27,5,403,178,57,42,36,89,0,614,449,169,447,166,8,10,114,83,665,530,35,0,0,22,0,78,641,468,20,0,26,41,23,7,56,0,0,0,0,0
HILLSIDE-NORTHWEST DISTRICT,61,672,332,340,45,398,190,208,398,153,245,676,615,6,32,2,0,2,4,11,14,43,15,228,242,130,206,149,23,12,4,1,3,106,100,398,29,114,10,25,14,2,8,625,573,12,28,12,0,652,234,136,100,64,45,15,58,625,311,126,50,53,51,34,67,23,25,17,2,535,0,7,43,71,22,191,201,369,248,24,70,0,12,16,369,259,25,23,62,0,"55,603",735,"421,133","1,349",173,12.83%,337,21,14,25,38,58,38,94,49,99,48,11,4,8,24,4,185,76,30,22,17,40,0,337,253,86,231,81,3,4,60,39,360,261,30,0,2,26,0,40,357,211,12,5,24,27,25,17,35,0,0,2,0,2
HOLLYWOOD,115,"1,061",497,564,33,758,643,115,758,147,611,"1,100",879,81,37,5,7,2,32,18,22,43,32,300,378,286,558,139,37,13,8,2,1,246,312,758,27,73,47,26,27,14,33,"1,040",985,28,10,16,1,"1,082",468,214,209,63,65,3,61,"1,040",537,259,85,87,57,15,128,57,24,44,2,879,32,78,154,244,57,213,102,571,275,65,159,0,28,44,571,366,47,98,59,0,"47,837",554,"189,367","1,062",124,11.68%,608,189,62,86,67,95,69,33,7,369,109,58,66,34,94,8,218,101,39,36,15,28,0,608,361,87,246,214,87,70,111,94,558,413,82,0,19,16,8,19,638,268,3,19,2,9,87,34,216,0,0,0,0,0
HOMESTEAD,627,"2,556","1,224","1,332",89,"1,408",848,560,"1,408",480,928,"2,638","2,181",19,204,9,1,4,62,76,94,167,64,"1,095",692,444,719,483,116,69,12,9,0,283,436,"1,408",129,289,62,112,97,26,36,"2,574","2,178",65,136,151,43,"2,643",786,662,403,187,153,36,416,"2,574",856,577,340,358,282,161,187,131,26,19,11,"2,086",15,47,153,316,91,695,769,"1,464",977,158,212,0,44,72,"1,464",805,254,281,123,2,"58,543",695,"280,700",819,104,12.73%,"1,472",272,194,201,236,259,81,178,53,871,196,134,119,47,315,61,373,176,69,36,17,75,0,"1,472","1,107",200,771,349,12,47,224,127,"1,465",860,124,0,40,365,0,75,"1,510",477,30,78,99,141,243,226,217,0,0,133,42,91
HOSFORD-ABERNATHY,831,"6,932","3,440","3,492",144,"3,243","1,583","1,660","3,243","1,406","1,837","7,198","5,745",149,471,52,10,25,220,260,321,738,260,"2,821","2,165",627,"1,203","1,131",478,289,92,28,22,555,648,"3,243",389,603,414,349,285,126,288,"6,598","5,814",240,226,301,17,"6,934","2,597","1,675",993,518,419,110,621,"6,598","3,099","1,480",463,760,610,186,789,400,146,212,31,"5,149",207,307,740,"1,281",293,"1,577",744,"4,495","1,948",634,"1,258",34,196,424,"4,495","2,927",561,629,377,0,"39,855",626,"178,889",949,124,13.11%,"3,322",503,363,534,576,674,343,267,62,"1,628",506,289,202,89,479,63,"1,495",745,232,163,125,225,6,"3,322","2,727",628,"1,479",524,58,67,300,321,"4,415","2,718",832,47,317,287,22,193,"3,427","1,955",134,385,273,187,232,221,20,14,5,57,15,42
HUMBOLDT,352,"5,061","2,497","2,564",171,"1,921","1,100",821,"1,921","1,078",843,"5,441","1,742","2,146",136,47,44,18,311,617,420,973,294,"1,631","1,387",356,597,545,315,222,118,67,57,297,300,"1,921",258,270,550,138,108,132,418,"4,537","3,387",627,116,132,274,"4,972","1,991",779,334,139,753,51,926,"4,537","2,144","1,322",273,310,149,339,"1,064",695,89,268,11,"3,219",308,475,818,825,167,460,167,"2,210",589,514,573,17,136,382,"2,210","1,548",202,289,153,17,"35,207",552,"132,967",811,187,23.07%,"1,922",538,315,213,353,326,102,59,15,"1,004",269,133,118,92,326,67,821,287,128,97,62,244,3,"1,922","1,463",255,465,350,168,160,285,274,"2,160","1,521",436,0,57,9,20,117,"2,077","1,240",56,160,125,163,76,68,190,0,0,72,18,54
IRVINGTON,415,"6,684","3,114","3,570",133,"3,159","1,711","1,448","3,159","1,417","1,742","6,956","5,091",932,149,36,9,13,212,242,321,922,209,"2,213","2,342",677,"1,256","1,020",419,300,99,39,26,451,805,"3,159",462,586,369,240,246,73,296,"6,303","5,756",178,248,45,76,"6,648","2,403","1,360",910,736,686,122,431,"6,303","2,752","1,904",439,627,406,176,973,548,136,247,42,"4,987",70,221,623,"1,082",242,"1,536","1,213","3,942","2,096",445,945,14,140,303,"3,942","2,182",552,772,436,0,"48,711",781,"224,931",861,126,14.65%,"3,175",567,368,373,495,503,374,431,64,"1,789",483,371,213,219,434,70,"1,144",557,173,112,85,213,5,"3,175","2,483",655,"1,580",663,108,84,442,343,"3,785","2,445",577,0,145,265,39,313,"3,331","1,438",75,241,311,270,469,259,269,0,0,8,0,8
KENTON,"2,193","6,934","3,472","3,462",164,"2,707",915,"1,792","2,707","1,594","1,113","7,490","4,241","1,012",358,111,88,15,401,708,503,"1,269",364,"2,015","2,109",674,780,875,427,312,169,83,61,389,391,"2,707",477,563,554,198,135,125,429,"6,451","5,304",453,310,329,55,"6,968","3,409","1,255",652,119,555,64,915,"6,451","3,280","1,920",482,431,164,174,"1,414",950,157,277,30,"4,663",331,566,"1,414","1,272",293,521,266,"3,360",861,577,889,0,292,742,"3,360","2,515",293,335,190,26,"38,505",694,"119,456","1,258",186,14.79%,"2,745",465,348,404,560,639,227,82,20,958,262,105,161,62,348,19,"1,720",639,413,165,107,368,28,"2,745","2,133",332,672,656,178,158,381,438,"3,309","2,691",469,3,9,47,10,80,"2,917","2,459",52,73,67,47,95,103,12,8,1,15,0,15
KERNS,528,"5,095","2,520","2,575",177,"2,915","2,358",557,"2,915",741,"2,174","5,371","3,985",277,176,66,7,32,213,339,192,312,239,"2,522","1,429",401,"1,602",899,251,94,48,16,5,764,838,"2,915",159,318,264,286,286,82,182,"4,932","4,302",269,217,108,36,"5,081","1,584","1,205",963,421,431,106,371,"4,932","1,414","1,822",384,623,610,80,411,253,82,53,23,"3,998",124,243,498,"1,009",237,"1,357",530,"3,467","1,457",582,927,4,146,351,"3,467","2,323",433,428,266,16,"29,277",539,"279,143",969,164,16.89%,"2,881",664,425,589,491,379,178,128,26,"2,273",659,395,289,197,692,42,486,233,37,70,43,98,6,"2,881","2,465",455,944,345,71,70,180,310,"3,406","2,031",722,8,147,360,12,126,"3,025",674,101,307,333,371,485,517,236,0,0,192,5,186
KING,409,"5,979","2,862","3,117",194,"2,148","1,029","1,119","2,148","1,264",884,"6,492","1,864","2,703",87,80,93,13,367,772,492,"1,241",338,"2,055","1,434",419,565,612,391,262,163,83,72,284,281,"2,148",291,282,691,159,160,128,563,"5,424","4,436",615,95,179,99,"5,913","2,539",983,349,211,915,52,865,"5,424","2,011","2,122",253,383,328,328,"1,336",842,82,401,11,"3,653",370,571,835,884,176,628,189,"2,546",753,596,581,15,183,418,"2,546","1,623",343,364,206,10,"32,342",588,"130,150",963,246,25.49%,"2,187",583,393,304,357,358,126,66,0,"1,069",226,107,195,126,354,59,"1,003",378,109,65,115,323,13,"2,187","1,681",269,513,493,124,257,216,374,"2,429","1,688",422,4,129,60,12,116,"2,370","1,557",104,179,135,111,129,122,33,0,0,36,26,10
LAURELHURST,427,"4,549","2,219","2,330",53,"1,765",150,"1,615","1,765","1,224",541,"4,649","4,149",55,131,23,2,16,88,85,269,791,113,967,"1,916",493,363,673,308,279,99,27,16,134,229,"1,765",483,557,184,105,73,37,147,"4,309","3,984",77,122,117,9,"4,610","2,090",916,614,324,262,93,312,"4,309","2,815",789,190,265,186,64,893,367,299,157,70,"3,299",76,84,353,721,167,"1,099",799,"2,519","1,522",177,555,5,72,188,"2,519","1,503",333,402,279,2,"62,998",842,"235,100","1,193",57,4.81%,"1,827",84,91,145,306,357,333,377,133,261,96,31,26,36,53,18,"1,526",790,244,161,87,244,1,"1,827","1,515",447,"1,185",392,18,29,301,187,"2,487","1,873",299,12,96,50,22,136,"1,929","1,752",3,29,48,28,32,23,13,0,0,13,0,13
LENTS,"1,943","15,576","7,815","7,761",438,"5,756","2,564","3,192","5,756","3,662","2,094","16,395","11,442",258,"1,457",174,61,10,632,"1,542","1,269","2,974",829,"4,640","4,324","1,540","1,533","1,744",968,728,426,186,171,734,799,"5,756","1,247","1,270","1,145",341,220,376,769,"14,393","10,408","1,164","1,403","1,320",98,"15,620","7,334","2,653","1,219",246,594,96,"3,479","14,393","6,063","4,497","1,669",999,342,821,"3,173","2,272",170,721,10,"9,917",963,"1,453","3,142","2,704",556,751,347,"7,124","1,271","1,378","1,886",6,"1,019","1,564","7,124","5,567",373,685,467,32,"35,731",663,"121,523","1,395",216,15.49%,"5,761","1,152",726,"1,006","1,202","1,095",349,212,19,"2,498",597,381,379,225,835,82,"2,999","1,042",622,327,232,752,24,"5,761","4,539",687,"1,558","1,339",443,449,523,"1,033","7,031","5,874",662,16,22,179,30,248,"6,138","4,082",157,271,267,216,326,250,416,140,12,128,32,95
LENTS-POWELLHURST-GILBERT,384,"2,782","1,375","1,407",45,920,307,613,920,658,262,"2,917","2,092",46,155,23,9,2,83,372,209,526,126,730,793,398,182,291,170,145,62,36,34,85,97,920,214,244,200,47,33,64,136,"2,564","2,157",261,84,47,15,"2,813","1,398",567,299,52,165,8,323,"2,564","1,183",938,243,96,64,42,569,385,26,138,20,"1,909",176,275,716,468,100,136,39,"1,103",248,162,260,0,184,249,"1,103",869,53,97,84,0,"38,455",668,"118,300","1,751",210,11.97%,"1,020",167,163,118,274,199,69,25,5,341,66,74,42,24,125,9,604,248,77,53,67,159,0,"1,020",764,104,253,303,55,79,160,203,"1,079",969,79,0,5,4,0,22,"1,027",776,37,44,8,18,52,34,45,14,0,105,103,3
LINNTON,"1,179",541,278,263,23,256,68,188,256,140,116,562,475,13,6,11,5,2,14,15,22,64,17,137,241,60,82,116,24,23,7,1,3,50,32,256,36,80,24,19,15,11,13,503,464,19,15,6,0,550,203,145,55,39,64,15,28,503,310,70,42,59,18,4,127,59,15,52,1,375,9,3,63,100,34,112,54,258,144,44,41,0,11,17,258,161,33,23,41,0,"61,061",703,"223,300",777,59,7.59%,221,35,10,25,35,33,34,45,5,41,12,3,8,5,13,0,150,67,16,11,15,39,1,221,188,50,106,28,0,12,32,35,255,213,9,0,6,2,0,25,232,215,3,0,5,0,0,0,0,5,3,21,21,0
LLOYD DIST,328,605,278,327,97,456,448,8,456,66,390,629,476,38,33,5,1,1,19,32,7,9,38,156,104,291,358,80,11,3,2,1,1,149,209,456,5,47,14,22,10,3,11,598,524,35,33,4,1,613,151,143,82,65,98,13,61,598,162,212,51,89,64,19,49,33,7,9,0,478,24,33,108,109,25,118,62,318,123,66,83,3,8,35,318,237,26,38,17,0,"29,175",700,"161,275",862,112,12.94%,362,89,65,71,53,39,26,18,0,306,61,34,22,21,154,14,42,14,9,5,1,10,3,362,209,34,146,148,9,13,86,23,313,182,45,0,23,51,0,11,426,58,14,45,29,15,21,57,186,0,0,6,1,4
MADISON SOUTH,959,"6,918","3,400","3,518",118,"2,538","1,052","1,486","2,538","1,612",926,"7,262","4,490",317,"1,288",46,12,5,272,488,463,"1,219",438,"1,925","1,977",896,670,854,400,286,166,80,82,272,398,"2,538",464,633,515,137,119,151,364,"6,575","4,591",351,677,945,11,"7,033","3,326","1,142",448,179,248,28,"1,663","6,575","3,514","1,736",326,400,65,535,"1,374",772,173,388,40,"4,588",265,548,"1,346","1,299",281,606,244,"3,341",851,520,981,39,269,681,"3,341","2,512",243,372,214,0,"47,391",747,"147,243","1,203",188,15.66%,"2,617",261,331,446,430,679,213,240,16,"1,000",293,155,113,80,319,41,"1,477",766,221,147,105,234,4,"2,617","2,007",363,"1,055",693,138,176,489,351,"3,268","2,679",260,6,9,100,46,169,"2,723","1,912",46,80,241,110,157,47,120,11,0,229,39,190
MAPLEWOOD,398,"2,558","1,241","1,317",35,"1,021",183,838,"1,021",665,356,"2,621","2,370",20,33,7,0,0,50,78,133,379,94,610,938,404,241,411,173,134,42,13,7,90,151,"1,021",243,315,107,51,64,27,80,"2,395","2,177",53,101,30,34,"2,511","1,138",575,258,243,158,26,113,"2,395","1,338",574,285,128,56,14,471,178,138,124,31,"1,831",32,24,343,395,84,549,404,"1,275",667,164,277,0,78,89,"1,275",795,130,254,96,0,"61,539",887,"183,300","1,208",56,4.60%,986,54,95,96,175,234,124,191,17,165,51,44,13,14,25,18,777,344,168,84,56,125,0,986,794,197,670,216,7,6,156,131,"1,254","1,090",88,5,0,9,0,62,"1,039",879,69,13,51,14,13,0,0,0,0,96,96,0
MARKHAM,332,"2,322","1,150","1,172",43,951,183,768,951,608,343,"2,404","2,074",24,89,5,11,2,65,52,140,361,87,605,845,284,239,362,161,126,38,18,7,105,134,951,210,275,123,60,44,36,87,"2,147","1,956",45,83,39,23,"2,268","1,075",533,219,145,137,4,157,"2,147","1,196",483,190,120,141,16,500,257,119,115,8,"1,579",0,27,204,336,57,577,378,"1,294",801,78,280,0,66,68,"1,294",753,163,233,140,5,"61,332",910,"196,400","1,893",87,4.57%,910,62,82,82,130,181,145,182,46,164,38,6,15,18,71,16,684,350,84,66,49,134,0,910,761,227,567,159,4,14,149,121,"1,283","1,063",75,5,14,38,0,88,935,865,0,16,11,22,0,21,0,0,0,21,9,12
MARSHALL PARK,391,"1,427",723,704,15,557,58,499,557,395,162,"1,467","1,304",5,46,5,1,3,25,38,62,272,48,296,613,136,103,215,110,93,27,6,3,51,52,557,153,179,63,33,26,25,38,"1,335","1,208",17,62,39,9,"1,417",687,322,146,104,39,4,114,"1,335",830,233,108,64,69,31,309,164,67,76,3,977,5,29,85,192,31,379,256,799,449,72,186,0,33,60,799,487,91,130,91,0,"67,971",973,"210,300","2,035",116,5.70%,569,39,39,50,57,120,96,130,38,93,29,12,11,7,32,2,422,215,78,21,30,76,3,569,479,129,376,86,4,4,94,82,795,683,36,0,1,14,0,60,577,536,5,17,3,13,0,3,0,0,0,2,0,2
MILL PARK,677,"6,826","3,255","3,571",147,"2,589","1,065","1,524","2,589","1,642",947,"7,101","5,267",138,583,53,14,7,207,557,522,"1,226",384,"1,815","1,916",963,738,808,412,322,163,69,77,278,460,"2,589",543,628,471,115,94,135,336,"6,319","4,788",466,473,568,25,"6,796","3,491","1,163",467,111,254,106,"1,204","6,319","2,796","2,185",398,373,136,431,"1,231",809,80,341,1,"4,379",283,594,"1,466","1,264",140,436,196,"3,171",656,519,973,0,332,691,"3,171","2,419",255,301,196,0,"34,777",635,"128,460","1,987",236,11.90%,"2,677",364,519,575,396,548,155,108,12,"1,126",276,136,154,84,455,21,"1,251",563,169,110,143,266,0,"2,677","1,966",272,875,736,126,146,433,401,"3,162","2,628",340,8,16,69,2,99,"2,766","1,512",131,83,152,162,167,162,241,156,0,81,34,47
MONTAVILLA,"1,393","15,987","7,864","8,123",336,"6,025","2,360","3,665","6,025","3,596","2,429","16,746","11,643",488,"1,961",149,74,18,567,"1,087","1,061","2,465","1,238","4,966","4,423","1,834","1,701","2,016",950,724,360,151,123,747,954,"6,025","1,146","1,372","1,078",390,338,276,802,"14,998","11,678",866,699,"1,660",95,"15,997","7,305","3,230","1,336",364,699,141,"2,923","14,998","6,655","4,363","1,110","1,422",498,949,"2,600","1,529",268,725,78,"10,557",802,"1,133","2,627","3,049",685,"1,702",559,"8,435","2,286","1,601","2,356",29,642,"1,522","8,435","6,049",917,922,509,39,"37,600",664,"133,185",998,139,13.92%,"6,073",822,887,965,"1,284","1,436",442,227,10,"2,457",694,373,289,190,793,119,"3,397","1,451",512,485,264,658,27,"6,073","4,972",823,"2,272","1,261",189,222,877,886,"8,275","6,249","1,157",10,76,430,54,299,"6,434","4,590",156,377,410,323,295,187,64,33,0,805,145,660
MT. SCOTT-ARLETA,553,"7,267","3,552","3,715",144,"2,901","1,173","1,728","2,901","1,677","1,224","7,678","5,696",136,558,69,40,10,340,418,515,"1,267",365,"2,310","2,091",719,858,939,480,326,163,65,70,390,468,"2,901",512,612,553,221,145,153,400,"6,744","5,398",286,435,614,11,"7,221","3,349","1,452",635,268,366,30,"1,122","6,744","2,954","2,214",668,358,272,277,"1,277",815,102,336,24,"4,822",347,641,"1,402","1,362",351,555,165,"3,546",828,627,967,17,350,757,"3,546","2,759",313,276,192,6,"36,429",660,"123,464",943,135,14.30%,"2,886",568,333,511,550,635,181,101,7,"1,181",357,150,150,102,368,55,"1,632",675,256,206,125,352,18,"2,886","2,283",359,814,621,140,158,409,464,"3,487","2,816",489,0,32,58,6,86,"3,048","2,335",37,163,144,116,116,54,81,0,0,32,0,32
MT. TABOR,"1,022","10,037","4,705","5,332",197,"4,316","1,508","2,808","4,316","2,370","1,946","10,350","8,571",126,663,32,24,14,241,366,536,"1,258",488,"2,902","3,370","1,483","1,375","1,613",645,453,154,50,26,543,832,"4,316",770,"1,097",503,261,310,130,373,"9,473","8,302",313,303,539,17,"10,013","4,473","1,948","1,095",772,583,81,"1,061","9,473","4,985","2,411",562,697,534,285,"1,509",852,235,362,61,"7,168",264,426,"1,322","1,543",306,"2,079","1,227","5,491","2,676",628,"1,397",12,279,500,"5,491","3,259",831,837,537,27,"47,059",733,"180,000","1,088",98,9.00%,"4,236",435,602,450,640,893,647,486,83,"1,443",422,181,135,75,575,54,"2,629","1,341",371,300,200,393,24,"4,236","3,266",764,"2,302","1,026",64,66,698,677,"5,373","3,992",746,17,85,221,19,292,"4,421","3,189",78,212,216,103,238,198,186,0,0,434,166,268
MULTNOMAH,924,"6,625","3,226","3,399",181,"3,196","1,614","1,582","3,196","1,498","1,698","6,876","5,513",209,213,69,30,7,201,383,373,906,284,"2,336","2,168",558,"1,223","1,125",436,275,93,34,10,562,661,"3,196",446,626,426,247,228,118,308,"6,346","5,417",310,248,227,143,"6,718","2,555","1,694",795,401,412,120,740,"6,346","2,565","1,422",996,708,426,228,997,607,192,151,47,"4,674",107,197,586,"1,125",301,"1,436",924,"4,167","2,143",502,970,0,220,332,"4,167","2,766",447,621,333,0,"46,326",656,"177,329","1,657",169,10.22%,"3,228",420,457,447,493,707,357,287,59,"1,672",540,263,204,154,436,76,"1,402",626,251,118,75,326,6,"3,228","2,635",515,"1,412",433,77,76,338,348,"4,116","3,165",500,0,56,123,27,245,"3,374","1,739",157,145,246,264,423,257,142,0,0,0,0,0
NORTHWEST DISTRICT,849,"11,455","5,848","5,607",457,"7,567","6,430","1,137","7,567","1,391","6,176","11,800","9,897",273,414,113,20,17,269,452,247,572,520,"6,188","2,969",959,"4,972","1,977",349,199,47,10,13,"2,609","2,363","7,567",276,747,368,637,567,88,280,"11,226","10,104",267,452,379,24,"11,447","3,142","3,149","1,770","1,215",862,141,"1,169","11,226","2,833","2,652","1,528","1,852","1,818",543,647,330,136,181,0,"9,102",144,441,"1,097","1,748",465,"3,308","1,900","8,004","4,367",964,"1,918",0,175,579,"8,004","5,871",812,773,526,21,"42,316",639,"294,218","1,476",193,13.08%,"7,543","2,106","1,086","1,139",991,885,522,647,166,"6,346","2,012",875,880,512,"1,876",191,801,377,134,70,49,171,0,"7,543","6,137",947,"2,595",956,241,325,500,663,"7,844","4,135","1,336",23,307,"1,667",51,324,"8,038",821,196,250,582,706,"1,556","2,397","1,529",0,0,190,2,188
NORTHWEST HEIGHTS,878,"2,521","1,214","1,307",83,958,44,914,958,751,207,"2,590","2,145",16,249,10,1,6,60,34,260,449,32,655,"1,021",104,172,353,173,196,47,14,3,60,112,958,367,340,44,26,9,10,34,"2,337","2,014",49,136,137,0,"2,521","1,002",519,311,159,191,50,290,"2,337",884,623,339,198,235,58,581,311,157,88,25,"1,738",6,24,108,316,51,734,500,"1,358",876,69,354,0,18,41,"1,358",955,158,112,114,19,"121,487","1,074","433,000","3,417",109,3.19%,947,45,20,32,75,111,79,421,164,59,21,8,5,10,15,0,848,412,119,84,77,156,0,947,834,162,666,94,0,0,79,63,"1,352","1,222",35,0,7,0,7,81,"1,025",851,164,0,0,0,0,0,4,0,7,0,0,0
NORTHWEST INDUSTRIAL,"1,887",21,18,3,0,0,0,0,0,0,0,21,20,0,0,0,0,0,0,1,0,0,3,10,8,0,0,0,0,0,0,0,0,0,0,0,0,0,0,0,0,0,0,19,18,1,1,0,0,21,7,6,2,2,3,1,1,19,12,3,2,2,1,0,5,2,1,2,0,14,0,0,2,4,1,4,2,9,5,2,2,0,0,1,9,6,1,1,1,0,"51,705",756,"240,300",976,101,10.35%,8,1,0,1,1,1,1,2,0,2,1,0,0,0,0,0,6,3,1,0,1,2,0,8,7,2,4,1,0,1,1,1,9,8,0,0,0,0,0,1,9,9,0,0,0,0,0,0,0,0,0,1,1,0
NORTHWEST-NORTHWEST INDUSTRIAL,67,290,148,142,9,132,42,90,132,71,61,297,267,9,2,1,0,0,7,4,19,28,7,84,132,20,38,60,15,11,6,1,1,22,16,132,18,43,10,15,8,1,9,275,243,6,15,9,2,292,116,73,34,25,15,2,28,275,98,85,39,29,14,11,37,23,3,10,0,215,1,4,24,42,13,85,46,188,101,15,49,0,6,17,188,129,20,20,19,0,"46,954",678,"277,350","1,334",122,9.15%,147,29,15,19,17,17,18,23,8,88,29,9,9,8,26,7,62,25,13,4,6,13,0,147,124,27,56,19,1,7,6,10,184,122,26,0,7,18,2,10,169,59,16,3,15,23,20,19,14,0,0,0,0,0
OLD TOWN/CHINATOWN,94,"2,916","2,175",741,304,"1,320","1,315",5,"1,320",111,"1,209","3,030","2,175",262,65,106,9,8,90,201,20,35,128,"1,244","1,347",142,"1,063",225,25,5,0,1,1,807,256,"1,320",10,70,31,83,63,7,24,"2,904","2,613",155,70,35,30,"2,938",986,710,441,224,386,73,117,"2,904",415,"1,011",543,490,346,97,111,25,16,64,6,"2,527",138,334,740,581,130,403,202,"1,253",525,251,321,0,25,132,"1,253",955,109,102,83,4,"18,049",426,"167,333","1,361",595,43.73%,"1,386",605,260,126,145,66,75,91,18,"1,189",247,141,156,90,469,85,24,7,4,10,4,0,0,"1,386",989,130,325,179,118,73,102,155,"1,222",420,357,0,31,347,13,55,"1,618",6,30,6,4,11,74,263,"1,225",0,0,"1,182",132,"1,050"
OVERLOOK,"2,121","6,093","3,091","3,002",128,"2,462",816,"1,646","2,462","1,338","1,124","6,449","4,286",565,242,85,53,17,275,570,384,952,318,"1,906","1,939",594,756,822,389,265,118,53,59,360,396,"2,462",383,495,460,221,147,138,322,"5,719","4,821",395,247,223,34,"6,145","3,043","1,290",595,203,338,76,601,"5,719","2,901","1,702",348,430,216,123,968,573,77,283,34,"4,280",253,329,"1,081","1,346",229,788,253,"3,410","1,164",554,882,9,310,491,"3,410","2,522",322,351,216,0,"39,322",682,"137,667",743,82,10.97%,"2,543",268,371,383,504,573,276,154,15,840,229,81,124,114,255,37,"1,593",720,252,224,107,290,0,"2,543","2,096",324,"1,005",570,45,95,436,331,"3,344","2,607",411,0,51,146,16,112,"2,623","2,134",31,70,159,96,65,16,43,9,0,50,0,50
PARKROSE,"1,187","6,049","3,353","2,696",158,"2,095","1,065","1,030","2,095","1,152",943,"6,341","4,170",497,547,75,40,5,231,484,388,914,351,"2,037","1,826",533,726,624,314,231,95,52,53,396,330,"2,095",362,398,392,138,79,108,284,"5,658","4,416",465,307,447,24,"6,020","2,908","1,221",543,116,225,46,962,"5,658","2,221","2,080",523,492,85,258,"1,120",691,72,320,38,"4,028",303,575,"1,197","1,024",358,415,155,"2,591",633,458,742,0,262,496,"2,591","1,934",189,240,218,10,"34,092",642,"128,233","1,456",237,16.30%,"2,136",337,386,313,411,429,161,65,34,"1,083",346,126,150,62,339,59,964,425,166,159,54,160,0,"2,136","1,680",241,531,450,109,149,311,315,"2,529","2,179",135,2,17,50,38,107,"2,277","1,293",73,99,161,169,159,129,113,37,44,819,808,11
PARKROSE HEIGHTS,623,"6,093","2,854","3,239",115,"2,332",879,"1,453","2,332","1,422",910,"6,317","4,778",184,604,57,2,13,179,276,419,999,250,"1,446","1,677","1,302",736,732,349,269,136,52,58,274,462,"2,332",459,595,368,105,69,112,256,"5,679","4,558",222,447,428,24,"6,097","3,065","1,043",610,109,233,53,985,"5,679","2,798","1,940",325,204,62,349,"1,066",567,180,291,28,"4,252",193,521,"1,380","1,110",263,584,201,"2,636",639,413,741,6,222,616,"2,636","2,014",163,249,194,16,"40,387",710,"132,850","1,523",155,10.20%,"2,335",321,256,402,453,653,129,106,15,832,166,69,115,80,377,26,"1,434",735,183,130,106,275,5,"2,335","1,657",300,893,774,68,97,500,394,"2,540","2,190",171,0,19,38,16,106,"2,432","1,820",42,36,22,41,70,190,204,0,6,249,241,8
PEARL,258,"1,113",593,520,70,746,355,391,746,172,574,"1,158",909,40,48,17,2,3,33,61,34,33,45,534,420,47,507,216,19,4,0,0,0,305,202,746,10,129,33,44,23,12,21,"1,089",993,39,25,22,9,"1,115",369,306,166,101,96,23,55,"1,089",95,346,235,205,171,37,23,5,5,10,3,889,28,75,153,205,40,286,101,719,370,105,167,0,17,60,719,523,68,74,49,5,"24,842",541,"249,267","1,423",533,37.48%,688,192,129,81,98,60,45,69,13,564,135,69,70,55,214,21,17,5,3,3,3,2,0,688,570,80,206,53,28,22,39,71,696,325,130,0,18,184,9,31,828,3,19,6,11,16,56,156,561,0,0,194,0,194
PIEDMONT,616,"6,427","3,042","3,385",128,"2,518",819,"1,699","2,518","1,488","1,030","6,893","3,409","1,842",227,61,12,9,350,517,488,"1,133",291,"1,973","1,860",682,732,820,419,277,136,66,68,295,437,"2,518",393,510,585,156,142,137,448,"5,978","5,114",426,133,148,156,"6,480","3,100","1,203",515,140,759,45,717,"5,978","2,751","2,160",209,474,159,225,"1,290",760,130,374,25,"4,179",278,615,"1,059","1,093",258,632,245,"3,150",944,551,869,16,208,562,"3,150","2,216",383,365,179,7,"35,183",623,"128,422",940,186,19.83%,"2,471",431,373,397,551,444,150,116,9,916,223,81,135,63,378,35,"1,531",578,179,218,167,385,5,"2,471","2,001",282,723,585,162,175,373,348,"3,114","2,553",388,7,11,61,24,70,"2,603","2,003",32,99,133,154,75,18,82,6,0,71,56,15
PLEASANT VALLEY,"2,917","3,806","1,848","1,958",78,"1,361",186,"1,175","1,361","1,052",309,"3,908","3,299",50,231,20,3,10,71,122,271,687,182,840,"1,404",422,213,526,255,206,93,36,32,90,123,"1,361",363,497,192,56,40,52,140,"3,557","3,047",71,207,200,32,"3,819","1,996",726,348,57,176,49,466,"3,557","1,653","1,245",260,196,42,161,796,480,69,235,13,"2,573",93,256,718,778,213,335,180,"2,099",630,260,579,9,195,426,"2,099","1,491",195,230,175,8,"57,971",861,"184,840","2,224",156,7.01%,"1,350",81,137,183,200,385,171,186,7,255,82,48,28,17,71,9,910,345,182,70,80,234,0,"1,350","1,167",209,508,276,50,32,181,217,"2,082","1,897",78,0,3,29,3,72,"1,401","1,110",24,21,44,32,31,28,14,98,0,66,59,7
PLEASANT VALLEY-POWELLHURST GILBERT,202,"1,434",709,725,13,482,148,334,482,330,152,"1,485","1,186",28,93,17,1,2,46,61,109,255,75,358,382,255,115,159,75,72,35,14,12,50,65,482,114,129,87,25,12,31,56,"1,334","1,097",37,108,76,16,"1,446",737,246,147,25,48,10,233,"1,334",532,435,135,98,10,124,248,176,18,46,7,994,58,142,315,270,60,86,63,696,155,107,174,8,73,180,696,513,44,59,78,1,"52,385",591,"168,250","2,082",236,11.31%,508,48,74,65,76,125,54,60,7,150,64,36,6,4,33,8,277,137,45,19,14,63,0,508,401,73,193,163,20,26,80,106,688,629,29,0,3,6,0,21,518,355,15,17,5,18,24,30,0,54,0,77,68,9
PORTSMOUTH,696,"8,304","4,065","4,239",180,"2,866","1,488","1,378","2,866","1,962",904,"8,915","4,241","1,267",620,163,51,14,397,"1,551",820,"1,935",509,"2,351","2,081",608,641,852,531,383,219,110,130,260,381,"2,866",531,494,937,153,110,224,713,"7,479","5,427","1,360",210,478,4,"8,278","3,935","1,348",604,138,606,110,"1,537","7,479","3,546","2,485",426,542,148,332,"2,080","1,417",124,516,23,"4,634",595,845,"1,293","1,160",172,464,104,"3,448",710,627,829,22,385,874,"3,448","2,697",216,307,228,0,"34,511",548,"118,000","1,445",370,25.61%,"2,849",622,553,354,501,600,166,44,9,"1,416",378,146,193,136,557,6,"1,368",538,246,134,152,290,9,"2,849","2,206",325,582,674,223,264,367,480,"3,327","2,732",401,10,22,68,0,94,"3,020","1,803",185,360,274,105,112,102,70,8,0,19,0,19
POWELLHURST-GILBERT,"2,199","17,988","8,875","9,113",442,"6,298","2,661","3,637","6,298","4,285","2,013","18,861","13,489",446,"1,588",167,36,20,699,"1,543","1,482","3,668",955,"4,860","5,168","1,855","1,442","1,940","1,131",910,455,221,199,676,766,"6,298","1,502","1,469","1,314",362,209,384,930,"16,502","12,153",931,"1,814","1,514",90,"17,881","8,496","3,046","1,327",262,791,95,"3,865","16,502","6,591","6,007","1,169",906,181,"1,648","3,804","2,635",244,886,38,"11,065",988,"1,789","3,832","2,701",653,809,292,"7,774","1,432","1,553","2,065",22,"1,097","1,604","7,774","5,966",567,677,476,86,"38,322",680,"132,564","2,022",308,15.25%,"6,167","1,060",908,927,"1,214","1,397",422,222,17,"2,718",741,407,290,256,886,140,"2,939","1,148",398,369,261,756,6,"6,167","4,935",734,"1,527","1,345",309,562,777,"1,035","7,618","6,502",570,0,69,167,49,260,"6,659","3,966",187,382,464,267,313,383,204,493,0,366,248,118
REED,278,"3,141","1,537","1,604",78,"1,648","1,052",596,"1,648",604,"1,044","3,276","2,538",83,198,17,1,2,115,187,120,225,199,"1,107",858,632,813,531,160,109,22,11,2,355,458,"1,648",133,310,161,144,87,64,97,"3,099","2,601",166,128,202,2,"3,187","1,138",842,410,166,155,32,443,"3,099",995,984,411,393,163,153,300,193,41,33,33,"2,322",157,129,403,579,187,603,263,"1,733",704,272,436,0,115,206,"1,733","1,215",286,172,60,0,"38,391",624,"176,233","1,340",175,13.08%,"1,569",295,232,304,192,294,146,84,20,"1,051",273,247,81,114,320,16,511,263,96,26,36,90,0,"1,569","1,191",151,646,374,64,47,208,202,"1,715","1,248",334,1,2,107,0,23,"1,661",588,8,61,123,139,124,98,521,0,0,248,98,150
RICHMOND,814,"11,320","5,468","5,852",196,"4,972","1,982","2,990","4,972","2,398","2,574","11,736","9,387",152,826,86,17,39,337,476,555,"1,317",409,"4,598","3,262","1,179","1,531","1,908",772,498,171,54,38,649,882,"4,972",669,"1,060",669,498,545,193,476,"10,831","9,152",388,515,748,28,"11,360","4,459","2,215","1,553",938,688,206,"1,301","10,831","5,447","2,493",754,822,"1,067",249,"1,508",828,261,372,48,"8,435",321,577,"1,346","1,826",478,"2,607","1,279","6,907","3,243",940,"1,645",16,431,632,"6,907","4,290",893,"1,063",653,8,"44,959",639,"170,094",911,103,11.34%,"4,926",772,402,660,"1,023","1,039",606,395,29,"1,965",692,327,179,141,567,58,"2,836","1,328",374,312,194,592,36,"4,926","4,055","1,046","2,342",871,164,177,509,588,"6,814","4,744","1,245",39,219,194,52,321,"5,152","3,756",93,368,325,210,165,165,61,8,0,188,52,136
ROSE CITY PARK,751,"8,903","4,242","4,661",117,"3,859","1,002","2,857","3,859","2,283","1,576","9,162","7,456",193,660,63,34,12,198,287,523,"1,261",307,"2,788","3,112",912,"1,123","1,433",648,435,147,46,27,458,665,"3,859",758,"1,023",502,199,254,135,367,"8,409","7,363",195,283,568,0,"8,919","4,080","1,729","1,021",521,532,73,962,"8,409","4,591","2,139",555,552,358,215,"1,408",722,318,331,37,"6,581",237,352,"1,123","1,752",348,"1,683","1,086","5,179","2,326",627,"1,401",13,204,608,"5,179","3,448",519,843,369,0,"52,249",790,"179,854","1,182",119,10.03%,"4,006",447,443,449,630,917,577,439,103,"1,327",380,235,177,99,395,41,"2,455","1,185",472,279,177,342,2,"4,006","3,175",630,"1,979",916,174,141,670,448,"5,107","4,132",518,4,68,104,46,235,"4,095","3,012",36,146,153,123,205,117,302,1,0,8,0,8
ROSEWAY,517,"6,185","3,017","3,168",95,"2,647",624,"2,023","2,647","1,540","1,107","6,416","5,004",226,516,44,15,8,174,198,375,933,243,"1,937","1,991",706,819,917,444,276,121,35,35,316,503,"2,647",483,662,395,151,137,94,301,"5,653","4,811",92,213,522,15,"6,039","3,105","1,152",511,310,246,56,660,"5,653","3,168","1,551",260,350,214,111,844,484,72,274,13,"4,369",182,325,"1,035","1,204",260,986,377,"3,301","1,169",497,888,8,202,536,"3,301","2,328",306,457,201,9,"47,563",723,"147,475","1,003",81,8.05%,"2,589",286,339,319,446,706,342,148,3,610,148,107,91,47,199,16,"1,967",950,234,246,166,340,31,"2,589","2,087",338,"1,261",577,98,53,402,494,"3,250","2,690",322,16,48,70,10,94,"2,716","2,420",11,99,49,63,34,26,15,0,0,0,0,0
ROSEWAY-MADISON SOUTH,206,64,31,33,4,29,5,24,29,18,11,64,56,1,4,0,0,0,0,3,1,10,2,8,26,17,9,10,5,5,0,0,0,4,5,29,7,11,0,1,1,0,0,61,48,1,2,11,0,64,36,6,6,3,2,1,10,61,36,20,3,1,2,0,10,5,3,2,0,48,3,4,11,11,3,13,3,33,12,5,6,0,3,7,33,27,2,3,1,0,"41,974",633,"152,550","1,560",410,26.26%,26,1,3,6,2,11,2,1,0,5,1,3,1,1,0,0,22,13,2,2,1,5,0,26,21,2,15,8,1,0,6,3,33,29,3,1,0,0,0,0,28,27,0,1,0,1,0,0,0,0,0,0,0,0
RUSSEL,531,"3,171","1,534","1,637",34,"1,193",149,"1,044","1,193",907,286,"3,259","2,652",55,290,17,0,3,77,77,162,548,115,641,"1,039",666,228,501,167,167,72,24,34,70,158,"1,193",250,490,167,31,27,49,118,"3,013","2,657",60,92,204,0,"3,194","1,602",551,321,112,181,32,394,"3,013","1,819",622,266,198,10,98,578,354,90,99,34,"2,240",112,160,579,746,214,303,126,"1,451",471,148,389,0,149,294,"1,451",988,110,187,166,0,"47,640",933,"159,800","1,372",65,4.74%,"1,158",79,107,170,246,308,148,83,18,164,48,28,21,24,24,19,993,476,108,70,83,256,0,"1,158",842,248,572,417,32,24,305,164,"1,422","1,296",55,0,0,8,13,50,"1,215","1,178",13,0,7,0,8,0,8,0,0,11,0,11
SABIN,234,"3,192","1,546","1,646",55,"1,299",368,931,"1,299",714,585,"3,395","1,866",811,62,30,19,15,166,223,204,533,122,"1,101",978,254,356,473,208,146,57,37,22,143,213,"1,299",193,248,273,105,124,70,203,"3,048","2,791",114,88,46,11,"3,218","1,303",743,383,181,425,17,166,"3,048","1,613",719,172,282,209,52,551,300,87,155,9,"2,271",70,142,366,576,119,705,292,"1,892",830,256,503,9,91,203,"1,892","1,242",204,302,137,7,"45,388",694,"157,040","1,017",139,13.68%,"1,338",143,177,196,210,273,176,145,18,356,91,22,47,26,156,15,948,392,127,104,92,229,4,"1,338","1,176",212,544,217,77,31,156,167,"1,871","1,408",219,6,95,47,3,91,"1,400","1,217",28,80,46,14,15,0,0,0,0,2,2,0
SABIN-IRVINGTON,67,929,443,486,12,363,46,317,363,243,120,966,705,160,11,1,0,0,31,21,60,145,25,245,375,79,70,142,74,55,11,5,6,30,40,363,81,110,52,24,26,10,42,921,858,25,31,0,8,966,488,156,136,74,73,11,28,921,557,176,70,64,51,4,232,121,51,51,10,651,7,9,74,79,36,257,188,552,346,20,154,0,4,27,552,282,75,134,60,0,"76,317","1,220","230,900",675,15,2.17%,350,9,10,20,45,73,74,101,17,31,21,5,3,0,2,0,282,123,52,34,27,46,0,350,309,77,206,56,11,8,39,41,546,389,52,0,24,21,3,56,358,351,0,7,0,0,0,0,0,0,0,0,0,0
SELLWOOD-MORELAND IMPROVEMENT LEAGUE,"1,157","10,475","4,963","5,512",229,"5,159","2,477","2,682","5,159","2,379","2,780","10,852","9,290",138,320,77,25,10,298,317,533,"1,249",410,"3,660","3,262","1,361","2,028","1,876",647,403,139,46,20,831,"1,197","5,159",609,"1,112",658,393,359,154,504,"9,933","9,200",353,139,217,24,"10,478","4,633","2,431","1,395",742,591,148,540,"9,933","4,661","2,323","1,270",910,560,210,"1,418",765,316,287,50,"7,701",268,558,"1,313","1,786",468,"2,233","1,075","6,143","2,753",806,"1,635",10,333,606,"6,143","4,021",619,918,562,24,"40,178",607,"171,636",977,100,10.22%,"5,160",868,732,724,808,"1,023",591,324,89,"2,498",695,386,380,255,690,93,"2,399","1,044",427,184,208,521,14,"5,160","3,921",829,"2,245","1,175",133,151,681,575,"6,077","4,593",811,8,159,152,34,320,"5,381","3,125",223,411,322,240,250,248,547,8,8,15,15,0
SOUTH BURLINGAME,272,"1,279",613,666,29,614,133,481,614,323,291,"1,320","1,144",8,52,11,0,1,32,31,69,135,41,388,484,162,213,235,90,59,13,3,1,92,121,614,97,175,51,39,39,11,40,"1,206","1,121",13,54,9,9,"1,290",638,283,130,90,60,5,83,"1,206",692,227,109,105,68,5,146,76,25,36,9,999,15,12,116,203,64,355,235,833,499,57,218,0,42,18,833,508,94,130,97,4,"58,744",833,"204,600",827,45,5.46%,613,21,27,53,79,148,145,113,27,84,32,19,9,11,10,2,485,229,105,37,39,68,7,613,478,137,379,134,11,3,104,37,808,698,42,0,8,5,2,54,628,603,7,6,3,2,3,4,0,0,0,2,0,2
SOUTH TABOR,511,"6,131","3,011","3,120",117,"2,540",987,"1,553","2,540","1,463","1,077","6,337","4,612",117,805,32,27,13,175,350,372,876,266,"1,843","1,895",879,769,900,383,286,117,48,37,280,489,"2,540",440,616,407,162,146,121,286,"5,707","4,481",282,254,690,0,"6,072","2,767","1,115",585,292,217,31,"1,066","5,707","2,875","1,553",415,371,197,296,961,640,65,252,4,"4,395",356,589,"1,005","1,229",241,755,219,"3,146",862,608,849,8,324,495,"3,146","2,229",278,397,232,10,"39,684",634,"142,650","1,102",104,9.42%,"2,543",303,377,468,416,597,226,122,34,996,269,136,171,97,278,45,"1,487",748,225,131,128,233,21,"2,543","1,867",270,"1,137",710,81,149,452,396,"3,086","2,350",507,0,42,50,20,116,"2,654","1,863",51,78,73,128,135,215,111,0,0,86,11,75
SOUTHWEST HILLS,"1,310","4,673","2,323","2,350",132,"1,992",309,"1,683","1,992","1,335",657,"4,752","4,374",21,117,5,4,1,61,90,228,796,100,862,"1,992",695,484,868,261,258,93,24,4,208,276,"1,992",482,731,122,93,80,41,81,"4,373","4,039",59,158,91,27,"4,613","1,869",969,673,409,278,54,359,"4,373","2,583",890,339,290,183,88,844,357,312,83,93,"3,416",10,16,157,486,115,"1,384","1,248","2,427","1,700",123,534,7,9,54,"2,427","1,530",206,307,370,14,"103,889",999,"451,743","1,012",40,3.97%,"1,997",147,87,88,139,268,237,516,515,320,75,59,29,40,65,52,"1,582",848,245,154,69,266,0,"1,997","1,548",631,"1,469",487,46,17,320,125,"2,382","1,916",153,0,33,73,15,191,"2,161","1,807",48,26,31,41,43,124,41,0,0,17,0,17
ST. JOHNS,"7,055","11,346","5,707","5,639",295,"4,148","1,815","2,333","4,148","2,709","1,439","12,179","7,014","1,065",639,188,71,21,598,"1,750","1,073","2,207",659,"3,430","2,971","1,006","1,051","1,287",674,574,302,131,129,555,496,"4,148",808,856,"1,045",220,168,309,736,"10,358","8,072","1,347",271,602,65,"11,355","4,947","2,440","1,089",296,744,52,"1,787","10,358","4,453","3,711",517,890,302,485,"2,292","1,586",112,565,29,"6,956",696,"1,066","2,197","1,834",347,596,220,"5,096",982,954,"1,356",41,568,"1,195","5,096","4,010",358,439,288,1,"38,577",638,"128,150","1,406",219,15.55%,"4,147",745,723,577,866,904,235,95,1,"1,788",476,211,188,151,648,114,"2,316","1,036",390,287,144,433,26,"4,147","3,345",407,"1,078",882,197,398,563,661,"4,959","4,163",432,31,59,108,15,151,"4,461","3,111",26,127,241,453,232,109,147,13,2,63,0,63
SULLIVAN'S GULCH,204,"3,043","1,394","1,649",104,"1,804","1,329",475,"1,804",498,"1,306","3,187","2,299",335,102,21,1,6,110,169,90,219,108,"1,265",787,574,"1,004",564,140,54,26,13,3,378,626,"1,804",75,249,174,164,138,52,122,"2,967","2,630",117,75,92,54,"3,065","1,087",720,501,219,259,56,224,"2,967","1,149",755,251,409,311,92,239,129,11,67,33,"2,417",42,108,367,705,138,552,505,"1,865",854,198,576,0,73,164,"1,865","1,273",182,241,170,0,"36,477",669,"197,900","1,013",105,10.40%,"1,857",272,300,250,395,322,134,149,36,"1,324",431,194,195,100,372,33,194,131,33,8,0,22,0,"1,857","1,422",299,776,457,59,31,322,128,"1,848","1,095",432,0,38,177,17,89,"1,942",297,53,104,127,202,446,196,516,0,0,45,37,8
SUMNER,36,255,113,142,11,110,34,76,110,64,46,274,213,5,14,3,2,1,15,2,11,42,6,85,86,25,33,47,17,4,3,1,5,16,17,110,13,29,22,6,7,5,17,244,228,8,3,5,0,261,142,57,25,5,16,2,14,244,145,57,14,20,7,1,44,31,4,6,3,184,6,17,43,55,16,30,17,125,42,12,46,0,10,15,125,83,12,14,15,0,"42,256",629,"143,750",845,68,7.99%,100,9,9,10,21,25,15,10,1,22,7,2,2,0,9,1,78,37,9,9,11,11,0,100,77,18,47,30,5,3,21,20,121,103,6,0,0,1,1,9,112,102,2,1,3,3,1,1,0,0,0,0,0,0
SUNDERLAND,"1,205",607,369,238,10,62,31,31,62,31,31,638,412,68,10,17,1,0,26,73,2,14,45,347,173,26,21,28,5,6,0,0,2,11,10,62,6,16,9,7,3,3,6,601,484,66,23,16,12,609,291,157,42,18,52,5,45,601,188,220,108,48,15,21,71,23,4,36,8,468,41,110,163,98,36,10,10,99,19,18,28,0,13,21,99,79,6,5,7,2,"43,783",775,"131,550","1,291",134,10.38%,78,11,13,9,16,15,6,7,0,38,13,6,2,3,7,7,28,13,4,6,2,3,0,78,58,10,24,23,4,10,9,13,99,78,8,0,0,2,2,10,93,65,6,5,0,0,0,0,4,6,6,405,405,0
SUNNYSIDE,383,"7,155","3,320","3,835",183,"3,487","2,257","1,230","3,487","1,137","2,350","7,363","6,204",120,323,68,5,24,163,248,265,514,291,"3,491","1,757",837,"1,457","1,296",427,213,68,17,9,646,811,"3,487",259,517,361,423,470,102,259,"6,818","6,181",160,289,177,11,"7,155","2,376","1,644","1,128",935,402,113,557,"6,818","2,365","1,974",637,827,799,217,676,355,130,180,12,"5,479",159,344,602,"1,501",358,"1,700",816,"4,669","2,191",610,"1,279",0,174,415,"4,669","3,079",629,628,317,16,"37,501",641,"188,911",960,111,11.57%,"3,557",575,529,575,678,700,315,145,39,"2,268",645,366,277,153,721,106,"1,148",560,190,145,109,144,0,"3,557","2,979",487,"1,542",552,83,113,299,385,"4,581","2,955",927,8,176,253,14,249,"3,713","1,635",103,372,353,357,566,205,122,0,0,388,330,59
SYLVAN-HIGHLANDS,538,"1,205",600,605,20,496,64,432,496,348,148,"1,227","1,124",11,26,2,0,1,14,27,59,192,26,228,540,160,98,220,85,68,18,5,2,54,44,496,119,193,36,28,22,8,28,"1,207","1,105",15,82,0,4,"1,252",479,301,164,104,124,4,74,"1,207",667,279,123,63,69,5,249,146,33,46,25,936,3,17,55,129,50,386,296,713,520,38,128,5,0,21,713,396,109,98,104,5,"107,541",983,"342,400","1,479",5,0.34%,521,15,15,25,41,69,67,212,77,61,31,10,9,4,6,0,433,234,59,58,26,56,0,521,410,154,385,123,7,12,90,42,698,585,41,0,20,0,0,52,530,486,14,7,0,4,10,9,0,0,0,3,0,3
UNIVERSITY PARK,766,"5,250","2,552","2,698",97,"1,692",454,"1,238","1,692",977,715,"5,483","4,361",113,232,45,44,2,174,279,199,537,"1,395","1,278","1,219",622,492,600,256,206,85,27,26,232,260,"1,692",274,485,218,127,96,53,165,"5,084","4,564",146,157,174,42,"5,258","2,449","1,467",555,149,181,96,360,"5,084","2,232","1,187",603,774,108,179,631,299,114,185,32,"2,805",142,196,853,675,149,531,259,"2,834",867,450,992,0,192,334,"2,834","1,914",446,319,132,23,"46,224",650,"143,917",768,96,12.48%,"1,713",258,164,216,365,408,205,90,8,455,135,35,65,19,136,65,"1,169",657,151,111,101,149,0,"1,713","1,320",215,795,485,74,9,294,270,"2,794","1,726",188,6,25,730,22,96,"1,786","1,593",19,59,25,37,19,28,6,0,0,"1,165",0,"1,165"
VERNON,186,"2,883","1,345","1,538",59,"1,036",490,546,"1,036",588,448,"3,112",951,"1,325",28,38,35,7,172,327,221,621,155,"1,031",678,177,268,301,186,136,81,24,40,115,153,"1,036",135,143,310,89,91,58,252,"2,608","2,215",276,49,45,24,"2,855","1,289",567,256,113,366,18,246,"2,608","1,079",986,172,136,145,89,643,440,38,153,12,"1,762",136,235,428,431,128,341,64,"1,390",439,300,362,2,103,185,"1,390",899,138,174,171,8,"36,402",697,"126,100","1,098",202,18.37%,993,157,145,115,267,223,54,31,0,424,134,42,53,34,142,19,580,193,77,72,46,192,0,993,845,179,226,186,80,66,136,176,"1,363",981,231,4,47,21,15,64,"1,101",903,17,67,32,35,23,24,0,0,0,7,7,0
WEST PORTLAND PARK,465,"3,775","1,903","1,872",111,"1,570",757,813,"1,570",879,691,"4,026","2,837",177,187,16,40,18,228,272,296,601,196,"1,337","1,087",258,490,521,246,171,74,41,27,216,274,"1,570",355,319,205,127,74,69,136,"3,462","2,698",194,263,122,185,"3,722","1,479",867,381,96,184,54,662,"3,462","1,375",738,531,380,187,251,603,310,94,178,22,"2,499",79,88,300,616,209,803,403,"2,225",991,244,602,0,129,259,"2,225","1,535",151,247,284,8,"52,515",851,"182,075","1,783",137,7.70%,"1,627",135,136,284,273,376,165,188,69,725,186,116,77,37,294,17,729,359,105,95,82,84,3,"1,627","1,385",326,748,216,38,37,169,189,"2,210","1,779",175,0,0,58,20,177,"1,799",863,128,31,99,197,118,142,221,0,0,0,0,0
WILKES,"1,798","7,732","3,575","4,157",208,"3,317",778,"2,539","3,317","2,139","1,178","8,031","6,106",334,670,28,28,10,236,320,431,"1,128",301,"1,485","2,278","2,109","1,013","1,359",357,322,146,63,57,284,729,"3,317",511,"1,223",405,101,64,91,314,"7,460","6,000",273,474,671,42,"7,870","3,623","1,347","1,066",226,371,40,"1,198","7,460","3,598","2,696",417,239,277,233,"1,364",845,152,294,73,"5,657",334,575,"1,526","1,684",390,795,353,"3,169",940,495,877,1,366,488,"3,169","2,408",281,269,210,0,"45,240",666,"168,633","2,155",173,8.01%,"3,411",379,559,418,694,729,315,244,73,836,241,107,51,89,315,34,"2,075","1,053",197,205,145,468,7,"3,411","2,062",336,"1,732","1,537",118,128,995,595,"3,089","2,671",157,0,8,12,86,154,"3,569","2,162",307,104,295,193,62,138,236,45,27,41,0,41
WOODLAND PARK,32,302,159,143,3,110,21,89,110,75,35,313,253,3,22,9,0,0,10,5,30,52,12,74,91,43,28,35,18,10,10,5,4,12,16,110,27,31,17,2,5,6,11,279,236,10,19,14,0,298,148,46,41,6,16,0,40,279,119,119,18,9,3,12,41,20,9,10,2,220,9,30,66,64,10,32,9,127,30,17,40,0,12,27,127,96,10,10,10,1,"37,469",719,"127,900","1,367",203,14.83%,122,20,21,16,20,30,6,8,1,61,10,5,8,5,31,1,58,30,9,6,3,10,0,122,79,17,47,49,4,4,26,20,123,99,13,0,1,3,0,7,128,77,1,1,3,2,9,14,21,0,1,23,23,0
WOODLAWN,469,"4,889","2,326","2,563",135,"1,854",623,"1,231","1,854","1,134",720,"5,219","1,748","2,224",104,47,73,12,238,443,374,999,208,"1,575","1,306",427,488,603,333,208,112,56,54,230,258,"1,854",265,341,528,120,112,106,422,"4,437","3,873",308,56,114,86,"4,763","2,248",778,454,118,688,34,444,"4,437","1,987","1,657",236,234,197,125,"1,104",704,70,305,24,"2,984",250,339,696,854,192,485,169,"2,156",626,412,571,16,119,412,"2,156","1,408",264,265,218,0,"36,145",663,"119,814","1,062",193,18.21%,"1,832",306,302,261,403,310,173,63,13,656,173,105,63,73,215,27,"1,072",462,144,141,52,271,2,"1,832","1,477",302,365,398,118,147,291,295,"2,082","1,556",293,5,41,62,12,112,"1,960","1,577",74,84,60,80,38,33,15,0,0,0,0,0
WOODSTOCK,823,"8,472","4,061","4,411",166,"3,652",947,"2,705","3,652","2,098","1,554","8,779","7,235",89,528,78,7,14,232,289,473,"1,112",373,"2,598","2,581","1,335","1,098","1,344",571,401,151,48,39,392,706,"3,652",586,"1,002",510,250,206,148,362,"7,951","6,963",177,393,381,37,"8,421","4,156","1,577",983,403,394,67,841,"7,951","4,244","2,036",608,467,445,150,"1,228",699,182,324,23,"6,086",300,497,"1,514","1,601",390,"1,240",545,"4,472","1,546",618,"1,292",0,376,639,"4,472","3,127",541,486,300,18,"44,401",773,"151,754",880,86,9.80%,"3,639",481,419,500,733,924,303,254,25,960,320,121,71,55,322,71,"2,549","1,123",395,283,199,533,16,"3,639","2,705",436,"1,724","1,039",126,147,582,474,"4,387","3,616",492,1,62,74,15,127,"3,777","3,376",29,85,97,48,52,29,52,8,0,80,0,80